Workbook

Sheet PONUDBA
E1: KALKULACIJA št.: | H1: 1
P2: Datum: | R2: =NOW() -> 45614.789
A3: NAROČNIK: | L3: KOMERCIALIST: | Q3: Tilen Petrič
A4: PONUDBA ZA:
A7: FAZE DELA: | E7: TISK: | F7: Zloženke 149x158 Glyphomax 8 strani
E8: DODELAVA: | F8: razrez+izsek+zgibanje
E12: IZ B1 POLE: | H12: 4 | J12: Format TP: | M12: 500 | N12: x | O12: 350 | Q12: NA TISK. POLI: | U12: 2
E14: Št.TISK. POL: | G14: =IF(H12="","",(ROUNDUP(G19/U12,0))) -> 500 | J14: =IF(H12="","",ROUNDUP(I19/U12,0)) -> 1000 | M14: =M19/U12 -> 1500 | R14: Cena materiala/TONA | Z14: ='CENA MATERIALA'!G4 -> 1500
E15: DODATEK | G15: 200 | J15: 200 | M15: 300
E16: Št. TISK.POL | G16: =IF(G14="","",G14+G15) -> 700 | J16: =IF(J14="","",J14+J15) -> 1200 | M16: =IF(M14="","",M14+M15) -> 1800 | R16: Cena materiala/POLA
E17: POL / RAZREZ: | G17: =IF($H$12="","",(ROUNDUP(G16/$H$12,0))) -> 175 | J17: =IF($H$12="","",(ROUNDUP(J16/$H$12,0))) -> 300 | M17: =IF($H$12="","",(ROUNDUP(M16/$H$12,0))) -> 450
A19: NAKLADA: | G19: 1000 | I19: 2000 | M19: 3000
A20: CENA: | G20: =IF(H35="","",IF(H35=G19,R86)) -> 278.58978 | I20: =IF(I19="","",AP86) -> 304.32074 | M20: =IF(M19="","",BK86) -> 359.90885
A21: CENA ZA KOS: | G21: =IF(G20="","",G20/G19) -> 0.27858978 | I21: =IF(I20="","",I20/I19) -> 0.15216037 | M21: =IF(M20="","",M20/M19) -> 0.11996962
A22: CENA / 1.000: | G22: =IF(G19="","",G21*1000) -> 278.58978 | I22: =IF(I19="","",I21*1000) -> 152.16037 | M22: =IF(M19="","",M21*1000) -> 119.96962
E24: Št.TISK. POL: | G24: =G29/U12 -> 0 | J24: =I29/U12 -> 0 | M24: =M29/U12 -> 0 | P24: ORODJE | R24: =IF(O52="","",IF(O52>0,200)) | S24: =IF(O46="","",IF(O46=1,"",IF(O46=2,"",IF(O46=3,"",IF(O46=4,"",IF(O46=5,200))))))
E25: Z DODATKOM:
E26: Št. TISK.POL | G26: =IF(G24="","",G24+G25) -> 0 | J26: =IF(J24="","",J24+J25) -> 0 | M26: =IF(M24="","",M24+M25) -> 0
E27: POL / RAZREZ: | G27: =IF($H$12="","",(ROUNDUP(G26/$H$12,0))) -> 0 | J27: =IF($H$12="","",(ROUNDUP(J26/$H$12,0))) -> 0 | M27: =IF($H$12="","",(ROUNDUP(M26/$H$12,0))) -> 0
A29: NAKLADA:
A30: CENA: | G30: =IF(G29="","",CG86) | I30: =IF(I29="","",DC86) | M30: =IF(M29="","",DY86)
A31: CENA ZA KOS: | G31: =IF(G30="","",G30/G29) | I31: =IF(I30="","",I30/I29) | M31: =IF(M30="","",M30/M29) | P31: =IF(B37="","",B37)
A32: CENA / 1.000: | G32: =IF(G29="","",G31*1000) | I32: =IF(I29="","",I31*1000) | M32: =IF(M29="","",M31*1000) | P32: =IF(B40="","",B40)
A35: MATERIAL: | H35: =IF(G19="","",G19) -> 1000 | K35: RAZREZ PAPIRJA: | Z35: MATERIAL: | AG35: =IF(I19="","",I19) -> 2000 | AJ35: RAZREZ PAPIRJA: | AU35: MATERIAL: | BB35: =IF(M19="","",M19) -> 3000 | BE35: RAZREZ PAPIRJA: | BP35: MATERIAL: | BW35: =IF(G29="","",G29) | BZ35: RAZREZ PAPIRJA: | CL35: MATERIAL: | CS35: =IF(I29="","",I29) | CV35: RAZREZ PAPIRJA: | DH35: MATERIAL: | DO35: =IF(M29="","",M29) | DR35: RAZREZ PAPIRJA:
B36: Papir: | L36: Razrez 1: | O36: 1 | P36: =IF(O36="","",IF(($H$35/($H$12)/2500)<=0.5,0.25,IF(($H$35/($H$12)/2500)>0.25,($H$35/($H$12)/2500)))) -> 0.25 | R36: =IF(P36="","",(P36*17)) -> 4.25 | AA36: Papir: | AK36: Razrez 1: | AM36: =IF($O$36="","",$O$36) -> 1 | AN36: =IF(AM36="","",IF(($AG$35/($H$12)/2500)<=0.5,0.5,IF(($AG$35/($H$12)/2500)>0.25,($AG$35/($H$12)/2500)))) -> 0.5 | AP36: =IF(AN36="","",(AN36*17)) -> 8.5 | AV36: Papir: | BF36: Razrez 1: | BH36: =IF($O$36="","",$O$36) -> 1 | BI36: =IF(BH36="","",IF(($BB$35/($H$12)/2500)<=0.25,0.5,IF(($BB$35/($H$12)/2500)>0.5,($BB$35/($H$12)/2500)))) -> FALSE | BK36: =IF(BI36="","",(BI36*17)) -> 0 | BQ36: Papir: | CA36: Razrez 1: | CD36: =BH36 -> 1 | CE36: =IF(CD36="","",IF(($BW$35/($H$12)/2500)<=0.5,0.5,IF(($BW$35/($H$12)/2500)>0.25,($BW$35/($H$12)/2500)))) -> #VALUE! | CG36: =IF(CE36="","",(CE36*17)) -> #VALUE! | CM36: Papir: | CW36: Razrez 1: | CZ36: =CD36 -> 1 | DA36: =IF(CZ36="","",IF(($CS$35/($H$12)/2500)<=0.5,0.5,IF(($CS$35/($H$12)/2500)>0.25,($CS$35/($H$12)/2500)))) -> #VALUE! | DC36: =IF(DA36="","",(DA36*17)) -> #VALUE! | DI36: Papir: | DS36: Razrez 1: | DV36: =CZ36 -> 1 | DW36: =IF(DV36="","",IF(($DO$35/($H$12)/2500)<=0.5,0.5,IF(($DO$35/($H$12)/2500)>0.25,($DO$35/($H$12)/2500)))) -> #VALUE! | DY36: =IF(DW36="","",(DW36*17)) -> #VALUE!
G37: 0.1027 | H37: =IF(G37="","",IF($G$37>0,(($G$14+50)/($H$12/$U$12)*$G$37))*1.03) -> 29.089775 | L37: Razrez 2: | P37: =IF(O37="","",IF(($H$35/($H$12)/2500)<=0.25,0.5,IF(($H$35/($H$12)/2500)>0.25,($H$35/($H$12)/2500)))) | R37: =IF(P37="","",(P37*17)) | AA37: =IF(B37="","",B37) | AF37: =IF(G37="","",G37) -> 0.1027 | AG37: =IF(AF37="","",IF($G$37>0,(($J$14+50)/($H$12/$U$12)*$G$37))*1.03) -> 55.535025 | AK37: Razrez 2: | AM37: =IF($O$37="","",$O$37) | AN37: =IF(AM37="","",IF(($AG$35/($H$12)/2500)<=0.5,0.5,IF(($AG$35/($H$12)/2500)>0.25,($AG$35/($H$12)/2500)))) | AP37: =IF(AN37="","",(AN37*17)) | AV37: =IF(B37="","",B37) | BA37: =IF(G37="","",G37) -> 0.1027 | BB37: =IF(BA37="","",IF($G$37>0,(($M$14+50)/($H$12/$U$12)*$G$37))*1.03) -> 81.980275 | BF37: Razrez 2: | BH37: =IF($O$37="","",$O$37) | BI37: =IF(BH37="","",IF(($BB$35/($H$12)/2500)<=0.5,0.5,IF(($BB$35/($H$12)/2500)>0.25,($BB$35/($H$12)/2500)))) | BK37: =IF(BI37="","",(BI37*17)) | BQ37: =AV37 | BV37: =BA37 -> 0.1027 | BW37: =IF(BV37="","",IF($G$37>0,(($G$24+50)/($H$12/$U$12)*$G$37))*1.03) -> 2.644525 | CA37: Razrez 2: | CD37: =BH37 | CE37: =IF(CD37="","",IF(($BW$35/($H$12)/2500)<=0.5,0.5,IF(($BW$35/($H$12)/2500)>0.25,($BW$35/($H$12)/2500)))) | CG37: =IF(CE37="","",(CE37*17)) | CM37: =BQ37 | CR37: =BV37 -> 0.1027 | CS37: =IF(CR37="","",IF($G$37>0,(($J$24+50)/($H$12/$U$12)*$G$37))*1.03) -> 2.644525 | CW37: Razrez 2: | CZ37: =CD37 | DA37: =IF(CZ37="","",IF(($CS$35/($H$12)/2500)<=0.5,0.5,IF(($CS$35/($H$12)/2500)>0.25,($CS$35/($H$12)/2500)))) | DC37: =IF(DA37="","",(DA37*17)) | DI37: =CM37 | DN37: =CR37 -> 0.1027 | DO37: =IF(DN37="","",IF($G$37>0,(($M$24+50)/($H$12/$U$12)*$G$37))*1.03) -> 2.644525 | DS37: Razrez 2: | DV37: =CZ37 | DW37: =IF(DV37="","",IF(($DO$35/($H$12)/2500)<=0.5,0.5,IF(($DO$35/($H$12)/2500)>0.25,($DO$35/($H$12)/2500)))) | DY37: =IF(DW37="","",(DW37*17))
L38: Razrez 3: | P38: =IF(O38="","",IF(($H$35/($H$12)/2000)<=0.5,0.5,IF(($H$35/($H$12)/2000)>0.25,($H$35/($H$12)/2000)))) | R38: =IF(P38="","",(P38*17)) | AK38: Razrez 3: | AM38: =IF($O$38="","",$O$38) | AN38: =IF(AM38="","",IF(($AG$35/($H$12)/2000)<=0.25,0.5,IF(($AG$35/($H$12)/2000)>0.25,($AG$35/($H$12)/2000)))) | AP38: =IF(AN38="","",(AN38*17)) | BF38: Razrez 3: | BH38: =IF($O$38="","",$O$38) | BI38: =IF(BH38="","",IF(($BB$35/($H$12)/2000)<=0.5,0.5,IF(($BB$35/($H$12)/2000)>0.25,($BB$35/($H$12)/2000)))) | BK38: =IF(BI38="","",(BI38*17)) | CA38: Razrez 3: | CD38: =BH38 | CE38: =IF(CD38="","",IF(($BW$35/($H$12)/2000)<=0.5,0.5,IF(($BW$35/($H$12)/2000)>0.25,($BW$35/($H$12)/2000)))) | CG38: =IF(CE38="","",(CE38*17)) | CW38: Razrez 3: | CZ38: =CD38 | DA38: =IF(CZ38="","",IF(($CS$35/($H$12)/2000)<=0.5,0.5,IF(($CS$35/($H$12)/2000)>0.25,($CS35/($H$12)/2000)))) | DC38: =IF(DA38="","",(DA38*17)) | DS38: Razrez 3: | DV38: =CZ38 | DW38: =IF(DV38="","",IF(($DO$35/($H$12)/2000)<=0.5,0.5,IF(($DO$35/($H$12)/2000)>0.25,($DO$35/($H$12)/2000)))) | DY38: =IF(DW38="","",(DW38*17))
B39: Karton: | AA39: Karton: | AV39: Karton: | BQ39: Karton: | CM39: Karton: | DI39: Karton:
H40: =IF(G40="","",IF($G$40>0,(($G$14+50)/($H$12/$U$12)*$G$40))*1.03) | L40: VSOTA: | S40: =SUM(R38,R37,R36) -> 4.25 | AA40: =IF(B40="","",B40) | AF40: =IF(G40="","",G40) | AG40: =IF(AF40="","",IF($G$40>0,(($J$14+50)/($H$12/$U$12)*$G$40))*1.03) | AK40: VSOTA: | AQ40: =SUM(AP38,AP37,AP36) -> 8.5 | AV40: =IF(B40="","",B40) | BA40: =IF($G$40="","",$G$40) | BB40: =IF(BA40="","",IF($G$40>0,(($M$14+50)/($H$12/$U$12)*$G$40))*1.03) | BF40: VSOTA: | BL40: =SUM(BK38,BK37,BK36) -> 0 | BQ40: =AV40 | BV40: =IF($G$40="","",$G$40) | BW40: =IF(BV40="","",IF($G$40>0,(($G$24+50)/($H$12/$U$12)*$G$40))*1.03) | CA40: VSOTA: | CH40: =SUM(CG38,CG37,CG36) -> #VALUE! | CM40: =BQ40 | CR40: =IF($G$40="","",$G$40) | CS40: =IF(CR40="","",IF($G$40>0,(($J$24+50)/($H$12/$U$12)*$G$40))*1.03) | CW40: VSOTA: | DD40: =SUM(DC38,DC37,DC36) -> #VALUE! | DI40: =CM40 | DN40: =IF($G$40="","",$G$40) | DO40: =IF(DN40="","",IF($G$40>0,(($M$24+50)/($H$12/$U$12)*$G$40))*1.03) | DS40: VSOTA: | DZ40: =SUM(DY38,DY37,DY36) -> #VALUE!
B42: VSOTA: | H42: =SUM(H37:H40) -> 29.089775 | AA42: VSOTA: | AG42: =SUM(AG37:AG40) -> 55.535025 | AV42: VSOTA: | BB42: =SUM(BB37:BB40) -> 81.980275 | BQ42: VSOTA: | BW42: =SUM(BW37:BW40) -> 2.644525 | CM42: VSOTA: | CS42: =SUM(CS37:CS40) -> 2.644525 | DI42: VSOTA: | DO42: =SUM(DO37:DO40) -> 2.644525
A45: IZDELAVA TISKOVNE FORME: | K45: TISK / IZSEK / LEPLJENJE | Z45: IZDELAVA TISKOVNE FORME: | AJ45: TISK / IZSEK / LEPLJENJE | AU45: IZDELAVA TISKOVNE FORME: | BE45: TISK / IZSEK / LEPLJENJE | BP45: IZDELAVA TISKOVNE FORME: | BZ45: TISK / IZSEK / LEPLJENJE | CL45: IZDELAVA TISKOVNE FORME: | CV45: TISK / IZSEK / LEPLJENJE | DH45: IZDELAVA TISKOVNE FORME: | DR45: TISK / IZSEK / LEPLJENJE
A46: I T F | B46: Montaža - kopija: | F46: 1 | H46: =IF(F46="","",(F46*17)) -> 17 | K46: D O D E L A V A | L46: CILINDER | O46: 1 | S46: FOLIJA | Z46: I T F | AA46: Montaža - kopija: | AE46: =IF(F46="","",F46) -> 1 | AG46: =IF(AE46="","",(AE46*17)) -> 17 | AJ46: D O D E L A V A | AK46: CILINDER | AM46: =IF(O46="","",O46) -> 1 | AQ46: FOLIJA | AU46: I T F | AV46: Montaža - kopija: | AZ46: =AE46 -> 1 | BB46: =IF(AZ46="","",(AZ46*17)) -> 17 | BE46: D O D E L A V A | BF46: CILINDER | BH46: =IF(O46="","",O46) -> 1 | BL46: FOLIJA | BP46: I T F | BQ46: Montaža - kopija: | BU46: =AZ46 -> 1 | BW46: =IF(BU46="","",(BU46*17)) -> 17 | BZ46: D O D E L A V A | CA46: CILINDER | CD46: =BH46 -> 1 | CH46: FOLIJA | CL46: I T F | CM46: Montaža - kopija: | CQ46: =BU46 -> 1 | CS46: =IF(CQ46="","",(CQ46*17)) -> 17 | CV46: D O D E L A V A | CW46: CILINDER | CZ46: =CD46 -> 1 | DD46: FOLIJA | DH46: I T F | DI46: Montaža - kopija: | DM46: =CQ46 -> 1 | DO46: =IF(DM46="","",(DM46*17)) -> 17 | DR46: D O D E L A V A | DS46: CILINDER | DV46: =CZ46 -> 1 | DZ46: FOLIJA
B47: Plošče: | F47: 9 | H47: =IF(F47="","",F47*13) -> 117 | L47: Priprava: | O47: =IF(O46="","",IF(O46=1,0.5,IF(O46=2,1,IF(O46=3,2,IF(O46=4,0.5,IF(O46=5,1)))))) -> 0.5 | Q47: =IF(O47="","",O47*17) -> 8.5 | AA47: Plošče: | AE47: =IF(F47="","",F47) -> 9 | AG47: =IF(AE47="","",AE47*8) -> 72 | AK47: Priprava: | AM47: =IF(AM46="","",IF(AM46=1,0.5,IF(AM46=2,1,IF(AM46=3,2,IF(AM46=4,0.5,IF(AM46=5,1)))))) -> 0.5 | AO47: =IF(AM47="","",AM47*17) -> 8.5 | AV47: Plošče: | AZ47: =IF(AE47="","",AE47) -> 9 | BB47: =IF(AZ47="","",AZ47*8) -> 72 | BF47: Priprava: | BH47: =IF(BH46="","",IF(BH46=1,0.5,IF(BH46=2,1,IF(BH46=3,2,IF(BH46=4,0.5,IF(BH46=5,1)))))) -> 0.5 | BJ47: =IF(BH47="","",BH47*17) -> 8.5 | BQ47: Plošče: | BU47: =AZ47 -> 9 | BW47: =IF(BU47="","",BU47*8) -> 72 | CA47: Priprava: | CD47: =IF(CD46="","",IF(CD46=1,0.5,IF(CD46=2,1,IF(CD46=3,2,IF(CD46=4,0.5,IF(CD46=5,1)))))) -> 0.5 | CF47: =IF(CD47="","",CD47*17) -> 8.5 | CM47: Plošče: | CQ47: =BU47 -> 9 | CS47: =IF(CQ47="","",CQ47*8) -> 72 | CW47: Priprava: | CZ47: =IF(CZ46="","",IF(CZ46=1,0.5,IF(CZ46=2,1,IF(CZ46=3,2,IF(CZ46=4,0.5,IF(CZ46=5,1)))))) -> 0.5 | DB47: =IF(CZ47="","",CZ47*17) -> 8.5 | DI47: Plošče: | DM47: =CQ47 -> 9 | DO47: =IF(DM47="","",DM47*8) -> 72 | DS47: Priprava: | DV47: =IF(DV46="","",IF(DV46=1,0.5,IF(DV46=2,1,IF(DV46=3,2,IF(DV46=4,0.5,IF(DV46=5,1)))))) -> 0.5 | DX47: =IF(DV47="","",DV47*17) -> 8.5
B48: PC Repro: | F48: 1 | H48: =IF(F48="","",F48*21) -> 21 | L48: Tisk Ž/P: | O48: =IF(O46="","",IF(O46=1,(H35/$U$12)/1000,IF(O46=2,"",IF(O46=3,"",IF(O46=4,(H35/$U$12)/1000*2,IF(O46=5,"")))))) -> 0.5 | Q48: =IF(O48="","",O48*17) -> 8.5 | AA48: PC Repro: | AE48: =IF($F$48="","",$F$48) -> 1 | AG48: =IF(AE48="","",AE48*21) -> 21 | AK48: Tisk Ž/P: | AM48: =IF(AM46="","",IF(AM46=1,(AG35/$U$12)/1000,IF(AM46=2,"",IF(AM46=3,"",IF(AM46=4,(AG35/$U$12)/1000*2,IF(AM46=5,"")))))) -> 1 | AO48: =IF(AM48="","",AM48*17) -> 17 | AV48: PC Repro: | AZ48: =IF($F$48="","",$F$48) -> 1 | BB48: =IF(AZ48="","",AZ48*21) -> 21 | BF48: Tisk Ž/P: | BH48: =IF(BH46="","",IF(BH46=1,(BB35/$U$12)/1000,IF(BH46=2,"",IF(BH46=3,"",IF(BH46=4,(BB35/$U$12)/1000*2,IF(BH46=5,"")))))) -> 1.5 | BJ48: =IF(BH48="","",BH48*17) -> 25.5 | BQ48: PC Repro: | BU48: =IF($F$48="","",$F$48) -> 1 | BW48: =IF(BU48="","",BU48*21) -> 21 | CA48: Tisk Ž/P: | CD48: =IF(CD46="","",IF(CD46=1,(BW35/$U$12)/1000,IF(CD46=2,"",IF(CD46=3,"",IF(CD46=4,(BW35/$U$12)/1000*2,IF(CD46=5,"")))))) -> #VALUE! | CF48: =IF(CD48="","",CD48*17) -> #VALUE! | CM48: PC Repro: | CQ48: =IF($F$48="","",$F$48) -> 1 | CS48: =IF(CQ48="","",CQ48*21) -> 21 | CW48: Tisk Ž/P: | CZ48: =IF(CZ46="","",IF(CZ46=1,(CS35/$U$12)/1000,IF(CZ46=2,"",IF(CZ46=3,"",IF(CZ46=4,(CS35/$U$12)/1000*2,IF(CZ46=5,"")))))) -> #VALUE! | DB48: =IF(CZ48="","",CZ48*17) -> #VALUE! | DI48: PC Repro: | DM48: =IF($F$48="","",$F$48) -> 1 | DO48: =IF(DM48="","",DM48*21) -> 21 | DS48: Tisk Ž/P: | DV48: =IF(DV46="","",IF(DV46=1,(DO35/$U$12)/1000,IF(DV46=2,"",IF(DV46=3,"",IF(DV46=4,(DO35/$U$12)/1000*2,IF(DV46=5,"")))))) -> #VALUE! | DX48: =IF(DV48="","",DV48*17) -> #VALUE!
L49: Tisk folija: | O49: =IF(O46="","",IF(O46=1,"",IF(O46=2,((H35/$U$12)/1000),IF(O46=3,((H35/$U$12)/1000)*2,IF(O46=4,"",IF(O46=5,"")))))) | Q49: =IF(O49="","",O49*17) | S49: =IF(KLIŠE!O5="","",KLIŠE!O5) | AK49: Tisk folija: | AM49: =IF(AM46="","",IF(AM46=1,"",IF(AM46=2,((AG35/$U$12)/1000),IF(AM46=3,((AG35/$U$12)/1000)*2,IF(AM46=4,"",IF(AM46=5,"")))))) | AO49: =IF(AM49="","",AM49*17) | AQ49: =IF($S$49="","",$S$49/$G$19*I19) | BF49: Tisk folija: | BH49: =IF(BH46="","",IF(BH46=1,"",IF(BH46=2,((BB35/$U$12)/1000),IF(BH46=3,((BB35/$U$12)/1000)*2,IF(BH46=4,"",IF(BH46=5,"")))))) | BJ49: =IF(BH49="","",BH49*17) | BL49: =IF($S$49="","",$S$49/$G$19*M19) | CA49: Tisk folija: | CD49: =IF(CD46="","",IF(CD46=1,"",IF(CD46=2,((BW35/$U$12)/1000),IF(CD46=3,((BW35/$U$12)/1000)*2,IF(CD46=4,"",IF(CD46=5,"")))))) | CF49: =IF(CD49="","",CD49*17) | CH49: =IF($S$49="","",$S$49/$G$19*G29) | CW49: Tisk folija: | CZ49: =IF(CZ46="","",IF(CZ46=1,"",IF(CZ46=2,((CS35/$U$12)/1000),IF(CZ46=3,((CS35/$U$12)/1000)*2,IF(CZ46=4,"",IF(CZ46=5,"")))))) | DB49: =IF(CZ49="","",CZ49*17) | DD49: =IF($S$49="","",$S$49/$G$19*I29) | DS49: Tisk folija: | DV49: =IF(DV46="","",IF(DV46=1,"",IF(DV46=2,((DO35/$U$12)/1000),IF(DV46=3,((DO35/$U$12)/1000)*2,IF(DV46=4,"",IF(DV46=5,"")))))) | DX49: =IF(DV49="","",DV49*17) | DZ49: =IF($S$49="","",$S$49/$G$19*M29)
B50: VSOTA: | H50: =SUM(H47:I49) -> 138 | L50: Izsek: | O50: =IF(O46="","",IF(O46=1,"",IF(O46=2,"",IF(O46=3,"",IF(O46=4,"",IF(O46=5,G14/1000)))))) | Q50: =IF(O50="","",O50*17) | AA50: VSOTA: | AG50: =SUM(AG47:AH49) -> 93 | AM50: =IF(AM46="","",IF(AM46=1,"",IF(AM46=2,"",IF(AM46=3,"",IF(AM46=4,"",IF(AM46=5,J14/1000)))))) | AO50: =IF(AM50="","",AM50*17) | AV50: VSOTA: | BB50: =SUM(BB47:BC49) -> 93 | BH50: =IF(BH46="","",IF(BH46=1,"",IF(BH46=2,"",IF(BH46=3,"",IF(BH46=4,"",IF(BH46=5,M14/1000)))))) | BJ50: =IF(BH50="","",BH50*17) | BQ50: VSOTA: | BW50: =SUM(BW47:BX49) -> 93 | CA50: Izsek: | CD50: =IF(CD46="","",IF(CD46=1,"",IF(CD46=2,"",IF(CD46=3,"",IF(CD46=4,"",IF(CD46=5,G24/1000)))))) | CF50: =IF(CD50="","",CD50*17) | CM50: VSOTA: | CS50: =SUM(CS47:CT49) -> 93 | CW50: Izsek: | CZ50: =IF(CZ46="","",IF(CZ46=1,"",IF(CZ46=2,"",IF(CZ46=3,"",IF(CZ46=4,"",IF(CZ46=5,J24/1000)))))) | DB50: =IF(CZ50="","",CZ50*17) | DI50: VSOTA: | DO50: =SUM(DO47:DP49) -> 93 | DS50: Izsek: | DV50: =IF(DV46="","",IF(DV46=1,"",IF(DV46=2,"",IF(DV46=3,"",IF(DV46=4,"",IF(DV46=5,M24/1000)))))) | DX50: =IF(DV50="","",DV50*17)
A52: TISK / STROJ: | L52: BOBST | Z52: TISK / STROJ: | AK52: BOBST | AM52: =IF(O52="","",O52) | AU52: TISK / STROJ: | BF52: BOBST | BH52: =IF(O52="","",O52) | BP52: TISK / STROJ: | CA52: BOBST | CD52: =BH52 | CL52: TISK / STROJ: | CW52: BOBST | CZ52: =CD52 | DH52: TISK / STROJ: | DS52: BOBST | DV52: =CZ52
A53: T I S K | L53: Priprava: | O53: =IF($O$52="","",IF($O$52=1,2,IF($O$52=2,3,IF($O$52=3,4,IF($O$52=4,1.5))))) | Q53: =IF(O53="","",O53*45) | Z53: T I S K | AK53: Priprava: | AM53: =IF($O$52="","",IF($O$52=1,2,IF($O$52=2,3,IF($O$52=3,4,IF($O$52=4,1.5))))) | AO53: =IF(AM53="","",AM53*45) | AU53: T I S K | BF53: Priprava: | BH53: =IF($O$52="","",IF($O$52=1,2,IF($O$52=2,3,IF($O$52=3,4,IF($O$52=4,1.5))))) | BJ53: =IF(BH53="","",BH53*45) | BP53: T I S K | CA53: Priprava: | CD53: =IF($O$52="","",IF($O$52=1,2,IF($O$52=2,3,IF($O$52=3,4,IF($O$52=4,1.5))))) | CF53: =IF(CD53="","",CD53*45) | CL53: T I S K | CW53: Priprava: | CZ53: =IF($O$52="","",IF($O$52=1,2,IF($O$52=2,3,IF($O$52=3,4,IF($O$52=4,1.5))))) | DB53: =IF(CZ53="","",CZ53*45) | DH53: T I S K | DS53: Priprava: | DV53: =IF($O$52="","",IF($O$52=1,2,IF($O$52=2,3,IF($O$52=3,4,IF($O$52=4,1.5))))) | DX53: =IF(DV53="","",DV53*45)
L54: Izsek: | O54: =IF(O52="","",IF(O52=1,H35/($U$12)/3500,IF(O52=2,H35/($U$12)/3500,IF(O52=3,H35/($U$12)/3500*2,IF(O52=4,H35/($U$12)/3500))))) | Q54: =IF(O54="","",O54*45) | AK54: Izsek: | AM54: =IF(AM52="","",IF(AM52=1,AG35/($U$12)/3500,IF(AM52=2,AG35/($U$12)/3500,IF(AM52=3,AG35/($U$12)/3500*2,IF(AM52=4,AG35/($U$12)/3500))))) | AO54: =IF(AM54="","",AM54*45) | BF54: Izsek: | BH54: =IF(BH52="","",IF(BH52=1,BB35/($U$12)/3500,IF(BH52=2,BB35/($U$12)/3500,IF(BH52=3,BB35/($U$12)/3500*2,IF(BH52=4,BB35/($U$12)/3500))))) | BJ54: =IF(BH54="","",BH54*45) | CA54: Izsek: | CD54: =IF(CD52="","",IF(CD52=1,BW35/($U$12)/3500,IF(CD52=2,BW35/($U$12)/3500,IF(CD52=3,BW35/($U$12)/3500*2,IF(CD52=4,BW35/($U$12)/3500))))) | CF54: =IF(CD54="","",CD54*45) | CW54: Izsek: | CZ54: =IF(CZ52="","",IF(CZ52=1,CS35/($U$12)/3500,IF(CZ52=2,CS35/($U$12)/3500,IF(CZ52=3,CS35/($U$12)/3500*2,IF(CZ52=4,CS35/($U$12)/3500))))) | DB54: =IF(CZ54="","",CZ54*45) | DS54: Izsek: | DV54: =IF(DV52="","",IF(DV52=1,DO35/($U$12)/3500,IF(DV52=2,DO35/($U$12)/3500,IF(DV52=3,DO35/($U$12)/3500*2,IF(DV52=4,DO35/($U$12)/3500))))) | DX54: =IF(DV54="","",DV54*45)
B55: S8 | D55: 3 | AA55: H5 | AC55: =IF(D55="","",D55) -> 3 | AV55: H5 | AX55: =IF(D55="","",D55) -> 3 | BQ55: H5 | BS55: =AX55 -> 3 | CM55: H5 | CO55: =BS55 -> 3 | DI55: H5 | DK55: =CO55 -> 3
B56: Priprava: | D56: 0.5 | F56: =IF(D56="","",D56*67) -> 33.5 | L56: LUŠČENJE/PAKIRANJE | AA56: Priprava: | AC56: =IF(D56="","",D56) -> 0.5 | AE56: =IF(AC56="","",AC56*67) -> 33.5 | AK56: LUŠČENJE/PAKIRANJE | AV56: Priprava: | AX56: =IF(D56="","",D56) -> 0.5 | AZ56: =IF(AX56="","",AX56*67) -> 33.5 | BF56: LUŠČENJE/PAKIRANJE | BQ56: Priprava: | BS56: =AX56 -> 0.5 | BU56: =IF(BS56="","",BS56*67) -> 33.5 | CA56: LUŠČENJE/PAKIRANJE | CM56: Priprava: | CO56: =BS56 -> 0.5 | CQ56: =IF(CO56="","",CO56*67) -> 33.5 | CW56: LUŠČENJE/PAKIRANJE | DI56: Priprava: | DK56: =CO56 -> 0.5 | DM56: =IF(DK56="","",DK56*67) -> 33.5 | DS56: LUŠČENJE/PAKIRANJE
B57: Tisk: | D57: =IF(D55="","",IF(D55=1,(H35/$U$12)/6000,IF(D55=2,(H35/$U$12*2)/6000,IF(D55=3,(H35/$U$12*2)/6000,IF(D57<=0.25,0.25))))) -> 0.16666667 | F57: =IF(D57="","",IF(D57<=0.25,0.25*67,D57*67)) -> 16.75 | AA57: Tisk: | AC57: =IF(AC55="","",IF(AC55=1,(AG35/$U$12)/3500,IF(AC55=2,(AG35/$U$12*2)/3500,IF(AC55=3,(AG35/$U$12*2)/3500,IF(AC57<=0.25,0.5))))) -> 0.57142857 | AE57: =IF(AC57="","",IF(AC57<=0.25,0.25*67,AC57*67)) -> 38.285714 | AM57: =IF(O57="","",O57) | AV57: Tisk: | AX57: =IF(AX55="","",IF(AX55=1,(BB35/$U$12)/3500,IF(AX55=2,(BB35/$U$12*2)/3500,IF(AX55=3,(BB35/$U$12*2)/3500,)))) -> 0.85714286 | AZ57: =IF(AX57="","",IF(AX57<=0.25,0.25*67,AX57*67)) -> 57.428571 | BH57: =IF(O57="","",O57) | BQ57: Tisk: | BS57: =IF(BS55="","",IF(BS55=1,(BW35/$U$12)/3500,IF(BS55=2,(BW35/$U$12*2)/3500,IF(BS55=3,(BW35/$U$12*2)/3500,IF(BS57<=0.25,0.25))))) -> #VALUE! | BU57: =IF(BS57="","",IF(BS57<=0.25,0.25*67,BS57*67)) -> #VALUE! | CD57: =BH57 | CM57: Tisk: | CO57: =IF(CO55="","",IF(CO55=1,(CS35/$U$12)/3500,IF(CO55=2,(CS35/$U$12*2)/3500,IF(CO55=3,(CS35/$U$12*2)/3500,IF(CO57<=0.25,0.25))))) -> #VALUE! | CQ57: =IF(CO57="","",IF(CO57<=0.25,0.25*67,CO57*67)) -> #VALUE! | CZ57: =CD57 | DI57: Tisk: | DK57: =IF(DK55="","",IF(DK55=1,(DO35/$U$12)/3500,IF(DK55=2,(DO35/$U$12*2)/3500,IF(DK55=3,(DO35/$U$12*2)/3500,IF(DK57<=0.25,0.25))))) -> #VALUE! | DM57: =IF(DK57="","",IF(DK57<=0.25,0.25*67,DK57*67)) -> #VALUE! | DV57: =CZ57
L58: Luščenje: | O58: =IF(O57="","",IF(O57=1,G14/4000,IF(O57=2,G14/3000,IF(O57=3,G14/2000)))) | Q58: =IF(O57="","",O58*11) | AK58: Luščenje: | AM58: =IF(AM57="","",IF(AM57=1,J14/4000,IF(AM57=2,J14/3000,IF(AM57=3,J14/2000)))) | AO58: =IF(AM57="","",AM58*11) | BF58: Luščenje: | BH58: =IF(BH57="","",IF(BH57=1,M14/4000,IF(BH57=2,M14/3000,IF(BH57=3,M14/2000)))) | BJ58: =IF(BH57="","",BH58*11) | CA58: Luščenje: | CD58: =IF(CD57="","",IF(CD57=1,G24/4000,IF(CD57=2,G24/3000,IF(CD57=3,G24/2000)))) | CF58: =IF(CD57="","",CD58*11) | CW58: Luščenje: | CZ58: =IF(CZ57="","",IF(CZ57=1,J24/4000,IF(CZ57=2,J24/3000,IF(CZ57=3,J24/2000)))) | DB58: =IF(CZ57="","",CZ58*11) | DS58: Luščenje: | DV58: =IF(DV57="","",IF(DV57=1,M24/4000,IF(DV57=2,M24/3000,IF(DV57=3,M24/2000)))) | DX58: =IF(DV57="","",DV58*11)
B59: DISPERZIJSKI LAK | L59: Zlaganje: | O59: =IF(O58="","",IF(O57=1,G14/4000,IF(O57=2,G14/3000,IF(O57=3,G14/2000)))) | Q59: =IF(O59="","",O59*11) | AA59: DISPERZIJSKI LAK | AK59: Zlaganje: | AM59: =IF(AM58="","",IF(AM57=1,J14/4000,IF(AM57=2,J14/3000,IF(AM57=3,J14/2000)))) | AO59: =IF(AM59="","",AM59*11) | AV59: DISPERZIJSKI LAK | BF59: Zlaganje: | BH59: =IF(BH58="","",IF(BH57=1,M14/4000,IF(BH57=2,M14/3000,IF(BH57=3,M14/2000)))) | BJ59: =IF(BH59="","",BH59*11) | BQ59: DISPERZIJSKI LAK | CA59: Zlaganje: | CD59: =IF(CD58="","",IF(CD57=1,G24/4000,IF(CD57=2,G24/3000,IF(CD57=3,G24/2000)))) | CF59: =IF(CD59="","",CD59*11) | CM59: DISPERZIJSKI LAK | CW59: Zlaganje: | CZ59: =IF(CZ58="","",IF(CZ57=1,J24/4000,IF(CZ57=2,J24/3000,IF(CZ57=3,J24/2000)))) | DB59: =IF(CZ59="","",CZ59*11) | DI59: DISPERZIJSKI LAK | DS59: Zlaganje: | DV59: =IF(DV58="","",IF(DV57=1,M24/4000,IF(DV57=2,M24/3000,IF(DV57=3,M24/2000)))) | DX59: =IF(DV59="","",DV59*11)
D60: 2 | AC60: =IF(D60="","",D60) -> 2 | AX60: =IF(D60="","",D60) -> 2 | BS60: =AX60 -> 2 | CO60: =BS60 -> 2 | DK60: =CO60 -> 2
B61: Priprava: | D61: =IF(D60="","",0.5) -> 0.5 | F61: =IF(D61="","",D61*60) -> 30 | AA61: Priprava: | AC61: =IF(AC60="","",0.5) -> 0.5 | AE61: =IF(AC61="","",AC61*60) -> 30 | AV61: Priprava: | AX61: =IF(AX60="","",0.5) -> 0.5 | AZ61: =IF(AX61="","",AX61*60) -> 30 | BQ61: Priprava: | BS61: =IF(BS60="","",0.5) -> 0.5 | BU61: =IF(BS61="","",BS61*60) -> 30 | CM61: Priprava: | CO61: =IF(CO60="","",0.5) -> 0.5 | CQ61: =IF(CO61="","",CO61*60) -> 30 | DI61: Priprava: | DK61: =IF(DK60="","",0.5) -> 0.5 | DM61: =IF(DK61="","",DK61*60) -> 30
B62: Tisk: | D62: =IF(D60="","",IF(D60=1,H35/$U$12,IF(D60=2,(H35/$U$12)*2))) -> 1000 | F62: =IF(D62="","",D62*0.01) -> 10 | L62: LEPILKA | AA62: Tisk: | AC62: =IF(AC60="","",IF(AC60=1,AG35/U12,IF(AC60=2,(AG35/U12)*2))) -> 2000 | AE62: =IF(AC62="","",AC62*0.01) -> 20 | AK62: LEPILKA | AM62: =IF(O62="","",O62) | AV62: Tisk: | AX62: =IF(AX60="","",IF(AX60=1,BB35/$U$12,IF(AX60=2,(BB35/$U$12)*2))) -> 3000 | AZ62: =IF(AX62="","",AX62*0.01) -> 30 | BF62: LEPILKA | BH62: =IF(O62="","",O62) | BQ62: Tisk: | BS62: =IF(BS60="","",IF(BS60=1,BW35/$U$12,IF(BS60=2,(BW35/$U$12)*2))) -> #VALUE! | BU62: =IF(BS62="","",BS62*0.01) -> #VALUE! | CA62: LEPILKA | CD62: =BH62 | CM62: Tisk: | CO62: =IF(CO60="","",IF(CO60=1,CS35/$U$12,IF(CO60=2,(CS35/$U$12)*2))) -> #VALUE! | CQ62: =IF(CO62="","",CO62*0.01) -> #VALUE! | CW62: LEPILKA | CZ62: =CD62 | DI62: Tisk: | DK62: =IF(DK60="","",IF(DK60=1,DO35/$U$12,IF(DK60=2,(DO35/$U$12)*2))) -> #VALUE! | DM62: =IF(DK62="","",DK62*0.01) -> #VALUE! | DS62: LEPILKA | DV62: =CZ62
L63: Priprava: | O63: =IF(O62="","",IF(O62=1,0.5,IF(O62=2,1,IF(O62=3,1.5)))) | Q63: =IF(O63="","",O63*25) | AK63: Priprava: | AM63: =IF(AM62="","",IF(AM62=1,0.5,IF(AM62=2,1,IF(AM62=3,1.5)))) | AO63: =IF(AM63="","",AM63*25) | BF63: Priprava: | BH63: =IF(BH62="","",IF(BH62=1,0.5,IF(BH62=2,1,IF(BH62=3,1.5)))) | BJ63: =IF(BH63="","",BH63*25) | CA63: Priprava: | CD63: =IF(CD62="","",IF(CD62=1,0.5,IF(CD62=2,1,IF(CD62=3,1.5)))) | CF63: =IF(CD63="","",CD63*25) | CW63: Priprava: | CZ63: =IF(CZ62="","",IF(CZ62=1,0.5,IF(CZ62=2,1,IF(CZ62=3,1.5)))) | DB63: =IF(CZ63="","",CZ63*25) | DS63: Priprava: | DV63: =IF(DV62="","",IF(DV62=1,0.5,IF(DV62=2,1,IF(DV62=3,1.5)))) | DX63: =IF(DV63="","",DV63*25)
L64: Lepljenje: | O64: =IF(O62="","",IF(O62=1,H35/5000,IF(O62=2,H35/3500,IF(O62=3,H35/5000)*2))) | Q64: =IF(O64="","",O64*25) | AK64: Lepljenje: | AM64: =IF(AM62="","",IF(AM62=1,AG35/5000,IF(AM62=2,AG35/3500,IF(AM62=3,AG35/5000)*2))) | AO64: =IF(AM64="","",AM64*25) | BF64: Lepljenje: | BH64: =IF(BH62="","",IF(BH62=1,BB35/5000,IF(BH62=2,BB35/3500,IF(BH62=3,BB35/5000)*2))) | BJ64: =IF(BH64="","",BH64*25) | CA64: Lepljenje: | CD64: =IF(CD62="","",IF(CD62=1,BW35/5000,IF(CD62=2,BW35/3500,IF(CD62=3,BW35/5000)*2))) | CF64: =IF(CD64="","",CD64*25) | CW64: Lepljenje: | CZ64: =IF(CZ62="","",IF(CZ62=1,CS35/5000,IF(CZ62=2,CS35/3500,IF(CZ62=3,CS35/5000)*2))) | DB64: =IF(CZ64="","",CZ64*25) | DS64: Lepljenje: | DV64: =IF(DV62="","",IF(DV62=1,DO35/5000,IF(DV62=2,DO35/3500,IF(DV62=3,DO35/5000)*2))) | DX64: =IF(DV64="","",DV64*25)
L65: Pakiranje v šk.: | O65: =O64 | Q65: =IF(O65="","",O65*11) | AA65: PM | AC65: =IF(D65="","",D65) | AK65: Pakiranje v šk.: | AM65: =AM64 | AO65: =IF(AM65="","",AM65*11) | AV65: PM | AX65: =IF(D65="","",D65) | BF65: Pakiranje v šk.: | BH65: =BH64 | BJ65: =IF(BH65="","",BH65*11) | BQ65: PM | BS65: =AX65 | CA65: Pakiranje v šk.: | CD65: =CD64 | CF65: =IF(CD65="","",CD65*11) | CM65: PM | CO65: =BS65 | CW65: Pakiranje v šk.: | CZ65: =CZ64 | DB65: =IF(CZ65="","",CZ65*11) | DI65: PM | DK65: =CO65 | DS65: Pakiranje v šk.: | DV65: =DV64 | DX65: =IF(DV65="","",DV65*11)
B66: Priprava: | F66: =IF(D66="","",D66*21) | AA66: Priprava: | AC66: =IF(D66="","",D66) | AE66: =IF(AC66="","",AC66*21) | AV66: Priprava: | AX66: =IF(D66="","",D66) | AZ66: =IF(AX66="","",AX66*21) | BQ66: Priprava: | BS66: =AX66 | BU66: =IF(BS66="","",BS66*21) | CM66: Priprava: | CO66: =BS66 | CQ66: =IF(CO66="","",CO66*21) | DI66: Priprava: | DK66: =CO66 | DM66: =IF(DK66="","",DK66*21)
B67: Tisk: | D67: =IF(D65="","",IF(D65=1,(H35/$U$12)/3000,IF(D65=2,(H35/$U$12*2)/3000,IF(D65=3,(H35/$U$12*2)/3000)))) | F67: =IF(D67="","",D67*21) | AA67: Tisk: | AC67: =IF(AC65="","",IF(AC65=1,(AG35/$U$12)/3000,IF(AC65=2,(AG35/$U$12*2)/3000,IF(AC65=3,(AG35/$U$12*2)/3000)))) | AE67: =IF(AC67="","",AC67*21) | AV67: Tisk: | AX67: =IF(AX65="","",IF(AX65=1,(BB35/$U$12)/3000,IF(AX65=2,(BB35/$U$12*2)/3000,IF(AX65=3,(BB35/$U$12*2)/3000)))) | AZ67: =IF(AX67="","",AX67*21) | BQ67: Tisk: | BS67: =IF(BS65="","",IF(BS65=1,(BW35/$U$12)/3000,IF(BS65=2,(BW35/$U$12*2)/3000,IF(BS65=3,(BW35/$U$12*2)/3000)))) | BU67: =IF(BS67="","",BS67*21) | CM67: Tisk: | CO67: =IF(CO65="","",IF(CO65=1,(CS35/$U$12)/3000,IF(CO65=2,(CS35/$U$12*2)/3000,IF(CO65=3,(CS35/$U$12*2)/3000)))) | CQ67: =IF(CO67="","",CO67*21) | DI67: Tisk: | DK67: =IF(DK65="","",IF(DK65=1,(DO35/$U$12)/3000,IF(DK65=2,(DO35/$U$12*2)/3000,IF(DK65=3,(DO35/$U$12*2)/3000)))) | DM67: =IF(DK67="","",DK67*21)
L68: RAZREZ / OBREZ | AK68: RAZREZ / OBREZ | BF68: RAZREZ / OBREZ | CA68: RAZREZ / OBREZ | CW68: RAZREZ / OBREZ | DS68: RAZREZ / OBREZ
Q69: =IF(O69="","",O69*17) | AO69: =IF(AM69="","",AM69*17) | BJ69: =IF(BH69="","",BH69*17) | CF69: =IF(CD69="","",CD69*17) | DB69: =IF(CZ69="","",CZ69*17) | DX69: =IF(DV69="","",DV69*17)
AA70: ROL./UV | AC70: =IF(D70="","",D70) | AV70: ROL./UV | AX70: =IF(D70="","",D70) | BQ70: ROL./UV | BS70: =AX70 | CM70: ROL./UV | CO70: =BS70 | DI70: ROL./UV | DK70: =CO70
B71: Priprava: | D71: =IF(D70="","",IF(D70=1,1.5,IF(D70=2,3))) | F71: =IF(D71="","",D71*67) | AA71: Priprava: | AC71: =IF(AC70="","",IF(AC70=1,1.5,IF(AC70=2,3))) | AE71: =IF(AC71="","",AC71*67) | AV71: Priprava: | AX71: =IF(AX70="","",IF(AX70=1,1.5,IF(AX70=2,3))) | AZ71: =IF(AX71="","",AX71*67) | BQ71: Priprava: | BS71: =IF(BS70="","",IF(BS70=1,1.5,IF(BS70=2,3))) | BU71: =IF(BS71="","",BS71*67) | CM71: Priprava: | CO71: =IF(CO70="","",IF(CO70=1,1.5,IF(CO70=2,3))) | CQ71: =IF(CO71="","",CO71*67) | DI71: Priprava: | DK71: =IF(DK70="","",IF(DK70=1,1.5,IF(DK70=2,3))) | DM71: =IF(DK71="","",DK71*67)
B72: Tisk: | D72: =IF(D70="","",IF(D70=1,(H35/$U$12)/1000,IF(D70=2,(H35/$U$12)/1000))) | F72: =IF(D72="","",D72*67) | L72: PLASTIFIKACIJA | AA72: Tisk: | AC72: =IF(AC70="","",IF(AC70=1,(AG35/$U$12)/1000,IF(AC70=2,(AG35/$U$12)/1000))) | AE72: =IF(AC72="","",AC72*67) | AK72: PLASTIFIKACIJA | AV72: Tisk: | AX72: =IF(AX70="","",IF(AX70=1,(BB35/$U$12)/1000,IF(AX70=2,(BB35/$U$12)/1000))) | AZ72: =IF(AX72="","",AX72*67) | BF72: PLASTIFIKACIJA | BQ72: Tisk: | BS72: =IF(BS70="","",IF(BS70=1,(BW35/$U$12)/1000,IF(BS70=2,(BW35/$U$12)/1000))) | BU72: =IF(BS72="","",BS72*67) | CA72: PLASTIFIKACIJA | CM72: Tisk: | CO72: =IF(CO70="","",IF(CO70=1,(CS35/$U$12)/1000,IF(CO70=2,(CS35/$U$12)/1000))) | CQ72: =IF(CO72="","",CO72*67) | CW72: PLASTIFIKACIJA | DI72: Tisk: | DK72: =IF(DK70="","",IF(DK70=1,(DO35/$U$12)/1000,IF(DK70=2,(DO35/$U$12)/1000))) | DM72: =IF(DK72="","",DK72*67) | DS72: PLASTIFIKACIJA
AM73: =IF($O$73="","",$O$73) | AP73: =IF($R$73="","",$R$73) | BH73: =AM73 | BI73: =IF($P$73="","",$P$73) | BK73: =AP73 | CD73: =BH73 | CG73: =BK73 | CZ73: =CD73 | DC73: =CG73 | DV73: =CZ73 | DY73: =DC73
L74: Plastika: | O74: =IF(O73="","",IF(O73=1,PLASTIKA!P23,IF(PONUDBA!O73=2,PLASTIKA!U23,IF(PONUDBA!O73=3,PLASTIKA!P33,IF(PONUDBA!O73=4,PLASTIKA!U33))))) | Q74: =O74 | AK74: Plastika: | AM74: =IF(AM73="","",IF(AM73=1,PLASTIKA!Y23,IF(PONUDBA!AM73=2,PLASTIKA!AD23,IF(PONUDBA!AM73=3,PLASTIKA!Y33,IF(PONUDBA!AM73=4,PLASTIKA!AD33))))) | AO74: =IF(AM74="","",AM74) | BF74: Plastika: | BH74: =IF(BH73="","",IF(BH73=1,PLASTIKA!AH23,IF(PONUDBA!BH73=2,PLASTIKA!AM23,IF(PONUDBA!BH73=3,PLASTIKA!AH33,IF(PONUDBA!BH73=4,PLASTIKA!AM33))))) | BJ74: =IF(BH74="","",BH74) | CA74: Plastika: | CD74: =IF(CD73="","",IF(CD73=1,PLASTIKA!P43,IF(PONUDBA!CD73=2,PLASTIKA!U43,IF(PONUDBA!CD73=3,PLASTIKA!P53,IF(PONUDBA!CD73=4,PLASTIKA!U53))))) | CF74: =CD74 | CW74: Plastika: | CZ74: =IF(CZ73="","",IF(CZ73=1,PLASTIKA!Y43,IF(PONUDBA!CZ73=2,PLASTIKA!AD43,IF(PONUDBA!CZ73=3,PLASTIKA!Y53,IF(PONUDBA!CZ73=4,PLASTIKA!AD53))))) | DB74: =CZ74 | DS74: Plastika: | DV74: =IF(DV73="","",IF(DV73=1,PLASTIKA!AH43,IF(PONUDBA!DV73=2,PLASTIKA!AM43,IF(PONUDBA!DV73=3,PLASTIKA!AH53,IF(PONUDBA!DV73=4,PLASTIKA!AM53))))) | DX74: =DV74
B75: VSOTA: | G75: =SUM(F72,F71,F67,F66,F62,F61,F57,F56) -> 90.25 | Q75: =IF(R73="","",Q74) | AA75: VSOTA: | AF75: =SUM(AE72,AE71,AE67,AE66,AE62,AE61,AE57,AE56) -> 121.78571 | AO75: =IF(AP73="","",IF(AP73=1,PONUDBA!AM74)) | AV75: VSOTA: | BA75: =SUM(AZ72,AZ71,AZ67,AZ66,AZ62,AZ61,AZ57,AZ56) -> 150.92857 | BJ75: =IF(BK73="","",IF(BK73=1,PONUDBA!BH74)) | BQ75: VSOTA: | BV75: =SUM(BU72,BU71,BU67,BU66,BU62,BU61,BU57,BU56) -> #VALUE! | CF75: =IF(CG73="","",IF(CG73=1,PONUDBA!CD74)) | CM75: VSOTA: | CR75: =SUM(CQ72,CQ71,CQ67,CQ66,CQ62,CQ61,CQ57,CQ56) -> #VALUE! | DB75: =IF(DC73="","",IF(DC73=1,PONUDBA!CZ74)) | DI75: VSOTA: | DN75: =SUM(DM72,DM71,DM67,DM66,DM62,DM61,DM57,DM56) -> #VALUE! | DX75: =IF(DY73="","",IF(DY73=1,PONUDBA!DV74))
L78: EMBALAŽA: | AK78: EMBALAŽA: | BF78: EMBALAŽA: | CA78: EMBALAŽA: | CW78: EMBALAŽA: | DS78: EMBALAŽA:
L79: V škatli: | Q79: =IF(O80="","",O80*1.3) | AK79: V škatli: | AM79: =IF(O79="","",O79) | AO79: =IF(AM80="","",AM80*1.3) | BF79: V škatli: | BH79: =AM79 | BJ79: =IF(BH80="","",BH80*1.3) | CA79: V škatli: | CD79: =BH79 | CF79: =IF(CD80="","",CD80*1.3) | CW79: V škatli: | CZ79: =CD79 | DB79: =IF(CZ80="","",CZ80*1.3) | DS79: V škatli: | DV79: =CZ79 | DX79: =IF(DV80="","",DV80*1.3)
A80: DODATNE-ZUNANJE USLUGE | L80: Št. škatl: | O80: =IF(O79="","",IF(O79>0,(ROUNDUP(H35/O79,)))) | Z80: DODATNE-ZUNANJE USLUGE | AK80: Št. škatl: | AM80: =IF(AM79="","",IF(AM79>0,(ROUNDUP(AG35/AM79,)))) | AU80: DODATNE-ZUNANJE USLUGE | BF80: Št. škatl: | BH80: =IF(BH79="","",IF(BH79>0,(ROUNDUP(BB35/BH79,)))) | BP80: DODATNE-ZUNANJE USLUGE | CA80: Št. škatl: | CD80: =IF(CD79="","",IF(CD79>0,(ROUNDUP(BW35/CD79,)))) | CL80: DODATNE-ZUNANJE USLUGE | CW80: Št. škatl: | CZ80: =IF(CZ79="","",IF(CZ79>0,(ROUNDUP(CS35/CZ79,)))) | DH80: DODATNE-ZUNANJE USLUGE | DS80: Št. škatl: | DV80: =IF(DV79="","",IF(DV79>0,(ROUNDUP(DO35/DV79,))))
A81: U S L U G E | B81: UV Lakiranje: | Z81: U S L U G E | AA81: UV Lakiranje: | AD81: =IF($E$81="","",$E$81) | AU81: U S L U G E | AV81: UV Lakiranje: | AY81: =IF($E$81="","",$E$81) | AZ81: =IF($F$81="","",($F$81/$G$14)*M14) | BP81: U S L U G E | BQ81: UV Lakiranje: | BU81: =IF($F$81="","",($F$81/$G$14)*G24) | CL81: U S L U G E | CM81: UV Lakiranje: | CQ81: =IF($F$81="","",($F$81/$G$14)*J24) | DH81: U S L U G E | DI81: UV Lakiranje: | DM81: =IF($F$81="","",($F$81/$G$14)*M24)
B82: Plastificiranje: | L82: VSOTA: | R82: =SUM(Q47,Q48,Q49,Q50,S49,Q53,Q54,Q58,Q59,Q63,Q64,Q65,Q69,Q74,Q75,Q79) -> 17 | AA82: Plastificiranje: | AK82: VSOTA: | AP82: =SUM(AO74,AO69,AO65,AO64,AO63,AO59,AO58,AO54,AO53,AO49,AO48,AO47,AO75,AQ49,AO50,AO79) -> 25.5 | AV82: Plastificiranje: | BF82: VSOTA: | BK82: =SUM(BJ79,BJ74,BJ69,BJ65,BJ64,BJ63,BJ59,BJ58,BJ54,BJ53,BJ49,BJ48,BJ47,BJ75,BL49,BJ50) -> 34 | BQ82: Plastificiranje: | CA82: VSOTA: | CG82: =SUM(CF79,CF75,CF74,CF69,CF65,CF64,CF63,CF59,CF58,CF54,CF53,CF49,CH49,CF48,CF47,CF50) -> #VALUE! | CM82: Plastificiranje: | CW82: VSOTA: | DC82: =SUM(DB79,DB75,DB74,DB69,DB65,DB64,DB63,DB59,DB58,DB54,DB53,DB49,DD49,DB48,DB47,DB50) -> #VALUE! | DI82: Plastificiranje: | DS82: VSOTA: | DY82: =SUM(DX79,DX75,DX74,DX69,DX65,DX64,DX63,DX59,DX58,DX54,DX53,DX49,DZ49,DX48,DX47,DX50) -> #VALUE!
B83: Šivanje: | AA83: Šivanje: | AV83: Šivanje: | BQ83: Šivanje: | CM83: Šivanje: | DI83: Šivanje:
B84: Izsek: | AA84: Izsek: | AV84: Izsek: | BQ84: Izsek: | CM84: Izsek: | DI84: Izsek:
B85: Lepljenje: | AA85: Lepljenje: | AV85: Lepljenje: | BQ85: Lepljenje: | CM85: Lepljenje: | DI85: Lepljenje:
B86: Zlatotisk: | L86: CENA SKUPAJ: | R86: =SUM(R82,G75,S40,H42,H50,E88) -> 278.58978 | AA86: Zlatotisk: | AK86: CENA SKUPAJ: | AP86: =SUM(AG42,AG50,AF75,AD88,AQ40,AP82) -> 304.32074 | AV86: Zlatotisk: | BF86: CENA SKUPAJ: | BK86: =SUM(BK82,BA75,BL40,BB42,BB50,AY88) -> 359.90885 | BQ86: Zlatotisk: | CA86: CENA SKUPAJ: | CG86: =SUM(CG82,BV75,CH40,BW42,BW50,BT88) -> #VALUE! | CM86: Zlatotisk: | CW86: CENA SKUPAJ: | DC86: =SUM(DC82,CR75,DD40,CS42,CS50,CP88) -> #VALUE! | DI86: Zlatotisk: | DS86: CENA SKUPAJ: | DY86: =SUM(DY82,DN75,DZ40,DO42,DO50,DL88) -> #VALUE!
B88: VSOTA: | E88: =SUM(F81:F86) -> 0 | AA88: VSOTA: | AD88: =SUM(AE81:AE86) -> 0 | AV88: VSOTA: | AY88: =SUM(AZ81:AZ86) -> 0 | BQ88: VSOTA: | BT88: =SUM(BU81:BU86) -> 0 | CM88: VSOTA: | CP88: =SUM(CQ81:CQ86) -> 0 | DI88: VSOTA: | DL88: =SUM(DM81:DM86) -> 0
A91: SPECIFIKACIJA | F91: =H35 -> 1000 | L91: SPECIFIKACIJA | P91: =AG35 -> 2000
A92: ZNESEK | F92: =R86 -> 278.58978 | I92: =100% -> 1 | L92: ZNESEK | P92: =AP86 -> 304.32074 | S92: =100% -> 1
A93: ITF | F93: =H48 -> 21 | I93: =F93/F92 -> 0.075379651 | L93: ITF | P93: =AG48 -> 21 | S93: =P93/P92 -> 0.069006142
A94: TISK | F94: =G75 -> 90.25 | I94: =F94/F92 -> 0.32395302 | L94: TISK | P94: =AF75 -> 121.78571 | S94: =P94/P92 -> 0.40018868
A95: DODELAVA | F95: =SUM(S40,Q47,Q48,Q49,Q50,Q53,Q54,R57,Q58,Q59,Q63,Q64,Q65,Q69,E88) -> 21.25 | I95: =F95/F92 -> 0.076277028 | L95: DODELAVA | P95: =SUM(AQ40,AO47,AO48,AO49,AO50,AO53,AO54,AO58,AO59,AO63,AO64,AO65,AO69,AD88) -> 34 | S95: =P95/P92 -> 0.11172423
A96: MATERIAL | F96: =SUM(H42,H47,S49,Q74,Q75,Q79) -> 146.08978 | I96: =F96/F92 -> 0.5243903 | L96: MATERIAL | P96: =SUM(AG47,AG42,AQ49,AO74,AO75,AO79) -> 127.53502 | S96: =P96/P92 -> 0.41908095
A97: OSTALI STROŠKI | L97: OSTALI STROŠKI
D99: 0.05 | E99: =F92*1.05 -> 292.51926 | G99: =IF(E99="","",E99/G19) -> 0.29251926 | O99: 0.05 | P99: =P92*1.05 -> 319.53678 | R99: =IF(P99="","",P99/I19) -> 0.15976839
D100: 0.1 | E100: =F92*1.1 -> 306.44875 | G100: =IF(E100="","",E100/G19) -> 0.30644875 | O100: 0.1 | P100: =P92*1.1 -> 334.75281 | R100: =IF(P100="","",P100/I19) -> 0.16737641
A103: SPECIFIKACIJA | F103: =BB35 -> 3000 | L103: SPECIFIKACIJA | P103: =G29 -> 0
A104: ZNESEK | F104: =BK86 -> 359.90885 | I104: =100% -> 1 | L104: ZNESEK | P104: =CG86 -> #VALUE! | S104: =100% -> 1
A105: ITF | F105: =BB48 -> 21 | I105: =F105/F104 -> 0.058348107 | L105: ITF | P105: =BW48 -> 21 | S105: =P105/P104 -> #VALUE!
A106: TISK | F106: =BA75 -> 150.92857 | I106: =F106/F104 -> 0.41935221 | L106: TISK | P106: =BV75 -> #VALUE! | S106: =P106/P104 -> #VALUE!
A107: DODELAVA | F107: =SUM(BL40,BJ47,BJ48,BJ49,BJ50,BJ53,BJ54,BJ58,BJ59,BJ63,BJ64,BJ65,BJ69) -> 34 | I107: =F107/F104 -> 0.094468364 | L107: DODELAVA | P107: =SUM(CH40,CF47,CF48,CF49,CF50,CF53,CF54,CF58,CF59,CF63,CF64,CF65,CF69) -> #VALUE! | S107: =P107/P104 -> #VALUE!
A108: MATERIAL | F108: =SUM(BB42,BL49,BJ79,BJ75,BJ74,BB47) -> 153.98028 | I108: =F108/F104 -> 0.42783131 | L108: MATERIAL | P108: =SUM(BW42,CF79,CF75,CF74,CH49,BW47) -> 74.644525 | S108: =P108/P104 -> #VALUE!
A109: OSTALI STROŠKI | L109: OSTALI STROŠKI
D111: 0.05 | E111: =F104*1.05 -> 377.90429 | G111: =IF(E111="","",E111/M19) -> 0.1259681 | O111: 0.05 | P111: =P104*1.05 -> #VALUE! | R111: =IF(P111="","",P111/G29) -> #VALUE!
D112: 0.1 | E112: =F104*1.1 -> 395.89973 | G112: =IF(E112="","",E112/M19) -> 0.13196658 | O112: 0.1 | P112: =P104*1.1 -> #VALUE! | R112: =IF(P112="","",P112/G29) -> #VALUE!
A115: SPECIFIKACIJA | F115: =CS35 | L115: SPECIFIKACIJA | P115: =DO35
A116: ZNESEK | F116: =DC86 -> #VALUE! | I116: =100% -> 1 | L116: ZNESEK | P116: =DY86 -> #VALUE! | S116: =100% -> 1
A117: ITF | F117: =P105 -> 21 | I117: =F117/F116 -> #VALUE! | L117: ITF | P117: =F117 -> 21 | S117: =P117/P116 -> #VALUE!
A118: TISK | F118: =CR75 -> #VALUE! | I118: =F118/F116 -> #VALUE! | L118: TISK | P118: =DN75 -> #VALUE! | S118: =P118/P116 -> #VALUE!
A119: DODELAVA | F119: =SUM(DD40,DB47,DB48,DB49,DB50,DB53,DB54,DB58,DB59,DB63,DB64,DB65,DB69,CP88) -> #VALUE! | I119: =F119/F116 -> #VALUE! | L119: DODELAVA | P119: =SUM(DZ40,DL88,DX47,DX48,DX49,DX50,DX53,DX54,DX58,DX59,DX63,DX64,DX65,DX69) -> #VALUE! | S119: =P119/P116 -> #VALUE!
A120: MATERIAL | F120: =SUM(DD49,DB74,DB75,DB79,CS42,CS47) -> 74.644525 | I120: =F120/F116 -> #VALUE! | L120: MATERIAL | P120: =SUM(DO42,DO47,DZ49,DX74,DX75,DX79) -> 74.644525 | S120: =P120/P116 -> #VALUE!
A121: OSTALI STROŠKI | L121: OSTALI STROŠKI
D123: 0.05 | E123: =F116*1.05 -> #VALUE! | G123: =IF(E123="","",E123/I29) -> #VALUE! | O123: 0.05 | P123: =P116*1.05 -> #VALUE! | R123: =IF(P123="","",P123/M29) -> #VALUE!
D124: 0.1 | E124: =F116*1.1 -> #VALUE! | G124: =IF(E124="","",E124/I29) -> #VALUE! | O124: 0.1 | P124: =P116*1.1 -> #VALUE! | R124: =IF(P124="","",P124/M29) -> #VALUE!

Sheet PLASTIKA
M7: =PONUDBA!M12 -> 500 | N7: x | O7: =PONUDBA!O12 -> 350 | U7: =PONUDBA!U12 -> 2
G9: =PONUDBA!G19 -> 1000 | I9: =PONUDBA!I19:K19 -> 2000 | M9: =PONUDBA!M19:N19 -> 3000
G11: =PONUDBA!G29 -> 0 | I11: =PONUDBA!I29:K29 -> 0 | M11: =PONUDBA!M29:N29 -> 0
A15: PLASTIFICIRANJE
O16: FORMAT TISKOVNE POLE | X16: FORMAT TISKOVNE POLE | AG16: FORMAT TISKOVNE POLE
A17: SIJAJNA | G17: MAT | O17: SIJAJNA PLASTIKA | T17: MAT PLASTIKA | X17: SIJAJNA PLASTIKA | AC17: MAT PLASTIKA | AG17: SIJAJNA PLASTIKA | AL17: MAT PLASTIKA
B18: ŠIRINA: | D18: CENA / m2 | G18: ŠIRINA: | I18: CENA / m2 | O18: =G9/U7 -> 500 | Q18: Delo | T18: =O18 -> 500 | V18: Delo | X18: =I9/U7 -> 1000 | Z18: Delo | AC18: =X18 -> 1000 | AE18: Delo | AG18: =M9/U7 -> 1500 | AI18: Delo | AL18: =AG18 -> 1500 | AN18: Delo
C19: t/m | E19: cena/TM | H19: t/m | J19: cena/TM | O19: =IF($O$7=500,1,IF($O$7=330,2,IF($O$7=350,3))) -> 3 | T19: =O19 -> 3 | X19: =IF($O$7=500,1,IF($O$7=330,2,IF($O$7=350,3))) -> 3 | AC19: =X19 -> 3 | AG19: =IF($O$7=500,1,IF($O$7=330,2,IF($O$7=350,3))) -> 3 | AL19: =AG19 -> 3
B20: 320 | C20: 0.32 | D20: 0.1116 | E20: 0.0357 | G20: 320 | H20: 0.32 | I20: 0.1366 | J20: 0.0437 | O20: 700x500 | P20: =IF($O$19="","",IF($O$19=1,($E$22*(O18*0.7)),"")) | Q20: =IF(P20="","",($O$18/600)*17) | T20: 700x500 | U20: =IF($O$19="","",IF($O$19=1,($J$22*(T18*0.7)),"")) | V20: =IF(U20="","",($T$18/600)*17) | X20: 700x500 | Y20: =IF($O$19="","",IF($O$19=1,($E$22*(X18*0.7)),"")) | Z20: =IF(Y20="","",($X$18/600)*17) | AC20: 700x500 | AD20: =IF($O$19="","",IF($O$19=1,($J$22*(AC18*0.7)),"")) | AE20: =IF(AD20="","",($X$18/600)*17) | AG20: 700x500 | AH20: =IF($O$19="","",IF($O$19=1,($E$22*(AG18*0.7)),"")) | AI20: =IF(AH20="","",($AG$18/600)*17) | AL20: 700x500 | AM20: =IF($O$19="","",IF($O$19=1,($J$22*(AL18*0.7)),"")) | AN20: =IF(AM20="","",($AG$18/600)*17)
B21: 345 | C21: 0.345 | D21: 0.1224 | E21: 0.0422 | G21: 345 | H21: 0.345 | I21: 0.1321 | J21: 0.0455 | K21: Prime zlata | O21: 700x330 | P21: =IF($O$19="","",IF($O$19=1,"",IF($O$19=2,($E$20*(O18*0.7)),""))) | Q21: =IF(P21="","",($O$18/600)*17) | T21: 700x330 | U21: =IF($O$19="","",IF($O$19=1,"",IF($O$19=2,($J$20*(T18*0.7)),""))) | V21: =IF(U21="","",($T$18/600)*17) | X21: 700x330 | Y21: =IF($O$19="","",IF($O$19=1,"",IF($O$19=2,($E$20*(X18*0.7)),""))) | Z21: =IF(Y21="","",($X$18/600)*17) | AC21: 700x330 | AD21: =IF($O$19="","",IF($O$19=1,"",IF($O$19=2,($J$20*(AC18*0.7)),""))) | AE21: =IF(AD21="","",($X$18/600)*17) | AG21: 700x330 | AH21: =IF($O$19="","",IF($O$19=1,"",IF($O$19=2,($E$20*(AG18*0.7)),""))) | AI21: =IF(AH21="","",($AG$18/600)*17) | AL21: 700x330 | AM21: =IF($O$19="","",IF($O$19=1,"",IF($O$19=2,($J$20*(AL18*0.7)),""))) | AN21: =IF(AM21="","",($AG$18/600)*17)
B22: 495 | C22: 0.495 | D22: 0.1151 | E22: 0.0569 | G22: 490 | H22: 0.49 | I22: 0.1265 | J22: 0.0619 | O22: 500x350 | P22: =IF($O$19="","",IF($O$19=1,"",IF($O$19=2,"",IF($O$19=3,($E$21*(O18*0.5)))))) -> 10.55 | Q22: =IF(P22="","",($O$18/700)*17) -> 12.142857 | T22: 500x350 | U22: =IF($O$19="","",IF($O$19=1,"",IF($O$19=2,"",IF($O$19=3,($J$21*(T18*0.5)),"")))) -> 11.375 | V22: =IF(U22="","",($O$18/700)*17) -> 12.142857 | X22: 500x350 | Y22: =IF($O$19="","",IF($O$19=1,"",IF($O$19=2,"",IF($O$19=3,($E$21*(X18*0.5)))))) -> 21.1 | Z22: =IF(Y22="","",($X$18/600)*17) -> 28.333333 | AC22: 500x350 | AD22: =IF($O$19="","",IF($O$19=1,"",IF($O$19=2,"",IF($O$19=3,($J$21*(AC18*0.5)),"")))) -> 22.75 | AE22: =IF(AD22="","",($X$18/700)*17) -> 24.285714 | AG22: 500x350 | AH22: =IF($O$19="","",IF($O$19=1,"",IF($O$19=2,"",IF($O$19=3,($E$21*(AG18*0.5)))))) -> 31.65 | AI22: =IF(AH22="","",($AG$18/700)*17) -> 36.428571 | AL22: 500x350 | AM22: =IF($O$19="","",IF($O$19=1,"",IF($O$19=2,"",IF($O$19=3,($J$21*(AL18*0.5)),"")))) -> 34.125 | AN22: =IF(AM22="","",($AG$18/700)*17) -> 36.428571
G23: 495 | H23: 0.495 | I23: 0.1116 | J23: 0.0552 | O23: SKUPAJ | P23: =SUM(P20:Q22) -> 22.692857 | T23: SKUPAJ | U23: =SUM(U20:V22) -> 23.517857 | X23: SKUPAJ | Y23: =SUM(Y20:Z22) -> 49.433333 | AC23: SKUPAJ | AD23: =SUM(AD20:AE22) -> 47.035714 | AG23: SKUPAJ | AH23: =SUM(AH20:AI22) -> 68.078571 | AL23: SKUPAJ | AM23: =SUM(AM20:AN22) -> 70.553571
A27: KRAZFEST | G27: SOFT TOUCH 4 | O27: KRATZFEST PLASTIKA | T27: SOFT TOUCH PLASTIKA | X27: KRATZFEST PLASTIKA | AC27: SOFT TOUCH PLASTIKA | AG27: KRATZFEST PLASTIKA | AL27: SOFT TOUCH PLASTIKA
B28: ŠIRINA: | D28: CENA / m2 | G28: ŠIRINA: | I28: CENA / m2 | O28: =O18 -> 500 | Q28: Delo | T28: =O18 -> 500 | V28: Delo | X28: =X18 -> 1000 | Z28: Delo | AC28: =X18 -> 1000 | AE28: Delo | AG28: =AG18 -> 1500 | AI28: Delo | AL28: =AG18 -> 1500 | AN28: Delo
C29: tekoči meter | E29: cena/TM | H29: tekoči meter | J29: cena/TM | O29: =O19 -> 3 | T29: =O19 -> 3 | X29: =X19 -> 3 | AC29: =X19 -> 3 | AG29: =AG19 -> 3 | AL29: =AG19 -> 3
B30: 320 | C30: 0.32 | D30: 0.3432 | E30: 0.1098 | G30: 320 | H30: 0.32 | I30: 0.6528 | J30: 0.2088 | O30: 700x500 | P30: =IF($O$19="","",IF($O$19=1,($E$33*(O18*0.7)),"")) | Q30: =IF(P30="","",($O$18/600)*17) | T30: 700x500 | U30: =IF(T29="","",IF(T29=1,($J$33*(O18*0.7)),"")) | V30: =IF(U30="","",($O$28/600)*17) | X30: 700x500 | Y30: =IF($O$19="","",IF($O$19=1,($E$33*(X18*0.7)),"")) | Z30: =IF(Y30="","",($X$18/600)*17) | AC30: 700x500 | AD30: =IF(AC29="","",IF(AC29=1,($J$33*(X18*0.7)),"")) | AE30: =IF(AD30="","",($X$18/600)*17) | AG30: 700x500 | AH30: =IF($O$19="","",IF($O$19=1,($E$33*(AG18*0.7)),"")) | AI30: =IF(AH30="","",($AG$18/600)*17) | AL30: 700x500 | AM30: =IF(AL29="","",IF(AL29=1,($J$33*(AG18*0.7)),"")) | AN30: =IF(AM30="","",($AG$18/600)*17)
B31: 345 | C31: 0.345 | O31: 700x330 | P31: =IF($O$19="","",IF($O$19=1,"",IF($O$19=2,($E$30*(O18*0.7)),""))) | Q31: =IF(P31="","",($O$18/600)*17) | T31: 700x330 | U31: =IF(O29="","",IF(T29=1,"",IF(T29=2,($J$30*(T18*0.7)),""))) | V31: =IF(U31="","",($O$28/600)*17) | X31: 700x330 | Y31: =IF($O$19="","",IF($O$19=1,"",IF($O$19=2,($E$30*(X18*0.7)),""))) | Z31: =IF(Y31="","",($X$18/600)*17) | AC31: 700x330 | AD31: =IF(X29="","",IF(AC29=1,"",IF(AC29=2,($J$30*(AC18*0.7)),""))) | AE31: =IF(AD31="","",($X$18/600)*17) | AG31: 700x330 | AH31: =IF($O$19="","",IF($O$19=1,"",IF($O$19=2,($E$30*(AG18*0.7)),""))) | AI31: =IF(AH31="","",($AG$18/600)*17) | AL31: 700x330 | AM31: =IF(AG29="","",IF(AL29=1,"",IF(AL29=2,($J$30*(AL18*0.7)),""))) | AN31: =IF(AM31="","",($AG$18/600)*17)
B32: 490 | C32: 0.49 | D32: 0.3154 | E32: 0.1545 | O32: 500x350 | P32: =IF($O$19="","",IF($O$19=1,"",IF($O$19=2,"",IF($O$19=3,($E$30*(O18*0.5)))))) -> 27.45 | Q32: =IF(P32="","",($O$18/700)*17) -> 12.142857 | T32: 500x350 | U32: =IF(O29="","",IF(T29=1,"",IF(T29=2,"",IF(T29=3,($J$30*(T28*0.5)),"")))) -> 52.2 | V32: =IF(U32="","",($O$18/700)*17) -> 12.142857 | X32: 500x350 | Y32: =IF($O$19="","",IF($O$19=1,"",IF($O$19=2,"",IF($O$19=3,($E$30*(X18*0.5)))))) -> 54.9 | Z32: =IF(Y32="","",($X$18/700)*17) -> 24.285714 | AC32: 500x350 | AD32: =IF(X29="","",IF(AC29=1,"",IF(AC29=2,"",IF(AC29=3,($J$30*(AC28*0.5)),"")))) -> 104.4 | AE32: =IF(AD32="","",($X$18/700)*17) -> 24.285714 | AG32: 500x350 | AH32: =IF($O$19="","",IF($O$19=1,"",IF($O$19=2,"",IF($O$19=3,($E$30*(AG18*0.5)))))) -> 82.35 | AI32: =IF(AH32="","",($AG$18/700)*17) -> 36.428571 | AL32: 500x350 | AM32: =IF(AG29="","",IF(AL29=1,"",IF(AL29=2,"",IF(AL29=3,($J$30*(AL28*0.5)),"")))) -> 156.6 | AN32: =IF(AM32="","",($AG$18/700)*17) -> 36.428571
B33: 495 | C33: 0.495 | D33: 0.51 | E33: 0.2524 | G33: 495 | H33: 0.495 | I33: 0.5814 | J33: 0.2877 | O33: SKUPAJ | P33: =SUM(P30:Q32) -> 39.592857 | T33: SKUPAJ | U33: =SUM(U30:V32) -> 64.342857 | X33: SKUPAJ | Y33: =SUM(Y30:Z32) -> 79.185714 | AC33: SKUPAJ | AD33: =SUM(AD30:AE32) -> 128.68571 | AG33: SKUPAJ | AH33: =SUM(AH30:AI32) -> 118.77857 | AL33: SKUPAJ | AM33: =SUM(AM30:AN32) -> 193.02857
O36: FORMAT TISKOVNE POLE | X36: FORMAT TISKOVNE POLE | AG36: FORMAT TISKOVNE POLE
O37: SIJAJNA PLASTIKA | T37: MAT PLASTIKA | X37: SIJAJNA PLASTIKA | AC37: MAT PLASTIKA | AG37: SIJAJNA PLASTIKA | AL37: MAT PLASTIKA
O38: =G11/U7 -> 0 | Q38: Delo | T38: =O38 -> 0 | V38: Delo | X38: =I11/U7 -> 0 | Z38: Delo | AC38: =X38 -> 0 | AE38: Delo | AG38: =M11/U7 -> 0 | AI38: Delo | AL38: =AG38 -> 0 | AN38: Delo
O39: =IF($O$7=500,1,IF($O$7=330,2,IF($O$7=350,3))) -> 3 | T39: =O39 -> 3 | X39: =IF($O$7=500,1,IF($O$7=330,2,IF($O$7=350,3))) -> 3 | AC39: =X39 -> 3 | AG39: =IF($O$7=500,1,IF($O$7=330,2,IF($O$7=350,3))) -> 3 | AL39: =AG39 -> 3
O40: 700x500 | P40: =IF($O$19="","",IF($O$19=1,($E$22*(O38*0.7)),"")) | Q40: =IF(P40="","",($O$18/600)*17) | T40: 700x500 | U40: =IF($O$19="","",IF($O$19=1,($J$22*(T38*0.7)),"")) | V40: =IF(U40="","",($T$18/600)*17) | X40: 700x500 | Y40: =IF($O$19="","",IF($O$19=1,($E$22*(X38*0.7)),"")) | Z40: =IF(Y40="","",($X$18/600)*17) | AC40: 700x500 | AD40: =IF($O$19="","",IF($O$19=1,($J$22*(AC38*0.7)),"")) | AE40: =IF(AD40="","",($X$18/600)*17) | AG40: 700x500 | AH40: =IF($O$19="","",IF($O$19=1,($E$22*(AG38*0.7)),"")) | AI40: =IF(AH40="","",($AG$18/600)*17) | AL40: 700x500 | AM40: =IF($O$19="","",IF($O$19=1,($J$22*(AL38*0.7)),"")) | AN40: =IF(AM40="","",($AG$18/600)*17)
O41: 700x330 | P41: =IF($O$19="","",IF($O$19=1,"",IF($O$19=2,($E$20*(O38*0.7)),""))) | Q41: =IF(P41="","",($O$38/600)*17) | T41: 700x330 | U41: =IF($O$19="","",IF($O$19=1,"",IF($O$19=2,($J$20*(T38*0.7)),""))) | V41: =IF(U41="","",($T$38/600)*17) | X41: 700x330 | Y41: =IF($O$19="","",IF($O$19=1,"",IF($O$19=2,($E$20*(X38*0.7)),""))) | Z41: =IF(Y41="","",($X$18/600)*17) | AC41: 700x330 | AD41: =IF($O$19="","",IF($O$19=1,"",IF($O$19=2,($J$20*(AC38*0.7)),""))) | AE41: =IF(AD41="","",(AC38/600)*17) | AG41: 700x330 | AH41: =IF($O$19="","",IF($O$19=1,"",IF($O$19=2,($E$20*(AG38*0.7)),""))) | AI41: =IF(AH41="","",($AG$18/600)*17) | AL41: 700x330 | AM41: =IF($O$19="","",IF($O$19=1,"",IF($O$19=2,($J$20*(AL38*0.7)),""))) | AN41: =IF(AM41="","",($AG$38/600)*17)
O42: 500x350 | P42: =IF($O$19="","",IF($O$19=1,"",IF($O$19=2,"",IF($O$19=3,($E$21*(O38*0.5)))))) -> 0 | Q42: =IF(P42="","",($O$18/700)*17) -> 12.142857 | T42: 500x350 | U42: =IF($O$19="","",IF($O$19=1,"",IF($O$19=2,"",IF($O$19=3,($J$21*(T38*0.5)),"")))) -> 0 | V42: =IF(U42="","",($O$18/700)*17) -> 12.142857 | X42: 500x350 | Y42: =IF($O$19="","",IF($O$19=1,"",IF($O$19=2,"",IF($O$19=3,($E$21*(X38*0.5)))))) -> 0 | Z42: =IF(Y42="","",($X$18/600)*17) -> 28.333333 | AC42: 500x350 | AD42: =IF($O$19="","",IF($O$19=1,"",IF($O$19=2,"",IF($O$19=3,($J$21*(AC38*0.5)),"")))) -> 0 | AE42: =IF(AD42="","",($X$18/700)*17) -> 24.285714 | AG42: 500x350 | AH42: =IF($O$19="","",IF($O$19=1,"",IF($O$19=2,"",IF($O$19=3,($E$21*(AG38*0.5)))))) -> 0 | AI42: =IF(AH42="","",($AG$18/700)*17) -> 36.428571 | AL42: 500x350 | AM42: =IF($O$19="","",IF($O$19=1,"",IF($O$19=2,"",IF($O$19=3,($J$21*(AL38*0.5)),"")))) -> 0 | AN42: =IF(AM42="","",($AG$18/700)*17) -> 36.428571
O43: SKUPAJ | P43: =SUM(P40:Q42) -> 12.142857 | T43: SKUPAJ | U43: =SUM(U40:V42) -> 12.142857 | X43: SKUPAJ | Y43: =SUM(Y40:Z42) -> 28.333333 | AC43: SKUPAJ | AD43: =SUM(AD40:AE42) -> 24.285714 | AG43: SKUPAJ | AH43: =SUM(AH40:AI42) -> 36.428571 | AL43: SKUPAJ | AM43: =SUM(AM40:AN42) -> 36.428571
O47: KRATZFEST PLASTIKA | T47: SOFT TOUCH PLASTIKA | X47: KRATZFEST PLASTIKA | AC47: SOFT TOUCH PLASTIKA | AG47: KRATZFEST PLASTIKA | AL47: SOFT TOUCH PLASTIKA
O48: =O38 -> 0 | Q48: Delo | T48: =O38 -> 0 | V48: Delo | X48: =X38 -> 0 | Z48: Delo | AC48: =X38 -> 0 | AE48: Delo | AG48: =AG38 -> 0 | AI48: Delo | AL48: =AG38 -> 0 | AN48: Delo
O49: =O39 -> 3 | T49: =O39 -> 3 | X49: =X39 -> 3 | AC49: =X39 -> 3 | AG49: =AG39 -> 3 | AL49: =AG39 -> 3
O50: 700x500 | P50: =IF($O$19="","",IF($O$19=1,($E$33*(O38*0.7)),"")) | Q50: =IF(P50="","",($O$18/600)*17) | T50: 700x500 | U50: =IF(T49="","",IF(T49=1,($J$33*(O38*0.7)),"")) | V50: =IF(U50="","",($O$28/600)*17) | X50: 700x500 | Y50: =IF($O$19="","",IF($O$19=1,($E$33*(X38*0.7)),"")) | Z50: =IF(Y50="","",($X$18/600)*17) | AC50: 700x500 | AD50: =IF(AC49="","",IF(AC49=1,($J$33*(X38*0.7)),"")) | AE50: =IF(AD50="","",($X$18/600)*17) | AG50: 700x500 | AH50: =IF($O$19="","",IF($O$19=1,($E$33*(AG38*0.7)),"")) | AI50: =IF(AH50="","",($AG$18/600)*17) | AL50: 700x500 | AM50: =IF(AL49="","",IF(AL49=1,($J$33*(AG38*0.7)),"")) | AN50: =IF(AM50="","",($AG$18/600)*17)
O51: 700x330 | P51: =IF($O$19="","",IF($O$19=1,"",IF($O$19=2,($E$30*(O38*0.7)),""))) | Q51: =IF(P51="","",(O48/600)*17) | T51: 700x330 | U51: =IF(O49="","",IF(T49=1,"",IF(T49=2,($J$30*(T38*0.7)),""))) | V51: =IF(U51="","",(T48/600)*17) | X51: 700x330 | Y51: =IF($O$19="","",IF($O$19=1,"",IF($O$19=2,($E$30*(X38*0.7)),""))) | Z51: =IF(Y51="","",($X$48/600)*17) | AC51: 700x330 | AD51: =IF(X49="","",IF(AC49=1,"",IF(AC49=2,($J$30*(AC38*0.7)),""))) | AE51: =IF(AD51="","",($AC$48/600)*17) | AG51: 700x330 | AH51: =IF($O$19="","",IF($O$19=1,"",IF($O$19=2,($E$30*(AG38*0.7)),""))) | AI51: =IF(AH51="","",($AG$48/600)*17) | AL51: 700x330 | AM51: =IF(AG49="","",IF(AL49=1,"",IF(AL49=2,($J$30*(AL38*0.7)),""))) | AN51: =IF(AM51="","",($AL$48/600)*17)
O52: 500x350 | P52: =IF($O$19="","",IF($O$19=1,"",IF($O$19=2,"",IF($O$19=3,($E$30*(O38*0.5)))))) -> 0 | Q52: =IF(P52="","",($O$18/700)*17) -> 12.142857 | T52: 500x350 | U52: =IF(O49="","",IF(T49=1,"",IF(T49=2,"",IF(T49=3,($J$30*(T48*0.5)),"")))) -> 0 | V52: =IF(U52="","",($O$18/700)*17) -> 12.142857 | X52: 500x350 | Y52: =IF($O$19="","",IF($O$19=1,"",IF($O$19=2,"",IF($O$19=3,($E$30*(X38*0.5)))))) -> 0 | Z52: =IF(Y52="","",($X$18/700)*17) -> 24.285714 | AC52: 500x350 | AD52: =IF(X49="","",IF(AC49=1,"",IF(AC49=2,"",IF(AC49=3,($J$30*(AC48*0.5)),"")))) -> 0 | AE52: =IF(AD52="","",($X$18/700)*17) -> 24.285714 | AG52: 500x350 | AH52: =IF($O$19="","",IF($O$19=1,"",IF($O$19=2,"",IF($O$19=3,($E$30*(AG38*0.5)))))) -> 0 | AI52: =IF(AH52="","",($AG$18/700)*17) -> 36.428571 | AL52: 500x350 | AM52: =IF(AG49="","",IF(AL49=1,"",IF(AL49=2,"",IF(AL49=3,($J$30*(AL48*0.5)),"")))) -> 0 | AN52: =IF(AM52="","",($AG$18/700)*17) -> 36.428571
O53: SKUPAJ | P53: =SUM(P50:Q52) -> 12.142857 | T53: SKUPAJ | U53: =SUM(U50:V52) -> 12.142857 | X53: SKUPAJ | Y53: =SUM(Y50:Z52) -> 24.285714 | AC53: SKUPAJ | AD53: =SUM(AD50:AE52) -> 24.285714 | AG53: SKUPAJ | AH53: =SUM(AH50:AI52) -> 36.428571 | AL53: SKUPAJ | AM53: =SUM(AM50:AN52) -> 36.428571

Sheet KLIŠE
E2: Fiksna cena klišeja do 30 cm2 | H2: =(C17+C18+C19+C20) -> 27.3 | Z2: 1 ROLA 7.342 dm2
E3: Vsak nadaljni cm2 | H3: 0.26 | O3: IZRAČUN FOLIJE:
E4: IZRAČUN CENE KLIŠEJA: | O4: =IF(E6="","",((H7*0.0095))) | T4: x | U4: 1
E5: VELIKOST: | O5: =IF(H8="","",((O4*PONUDBA!$G$19)*1.1)) | U5: Cena za prvo naklado
F6: x | H6: =IF(E6="","",IF(E6*G6<30,30,(E6*G6))) | Z6: =IF(H11="","",H11)
H7: =IF(E6="","",(E6*G6)/100)
E8: CENA ZA KLIŠE: | H8: =IF(H6="","",IF(H6<=30,H2,H6*H3+H2)) | O8: =IF(H7="","",(H7*PONUDBA!G19)*1.05) | U8: PORABA v DM2
E9: ŠTEVILO KLIŠEJEV:
E11: CENA SKUPAJ: | H11: =IF(H9="",H8,H8*H9)
B16: Cenik klišejev | E16: Velikost klišeja
B17: Film | C17: 7.8 | E17: a | F17: x | G17: b
B18: Faseta | C18: 2.5 | E18: 100 | F18: x | G18: 190 | H18: = | I18: =E18*G18/100 -> 190 | N18: cm2
B19: Pošta | C19: 4.5 | E19: mm | G19: mm
B20: do 30cm2 | C20: 12.5
E21: Cena klišeja
B22: Osnovni stroški | C22: =SUM(C17:C19) -> 14.8 | E22: =C22 -> 14.8 | F22: + | G22: =C23*(I18-30)+C20 -> 54.1 | H22: = | I22: =E22+G22 -> 68.9
B23: vsak nadaljnji cm | C23: 0.26
R29: =IF(O4="","",O4)

Sheet  UV ZUNANJI
A2: Cenik plastificiranja, uv lakiranja in parcialnega uv lakiranja | H2: Količina pol:
H3: 500
A4: Plastificiranje: | B4: Grafoplast d.o.o., Šolska ulica 13, 3210 Sl. Konjice | P4: CENA FOLIJE - rola
B5: T.: 03 759 22 44, Fax: 03 759 22 45, GSM: 040 233 006, mateja@arsstudio.si | M5: Cena usluge | Q5: 3000 | R5: 3000 | S5: 2000 | T5: 2000 | U5: dožina
D6: Cena usluge | J6: Sijaj | K6: Mat | L6: kratzfest | M6: soft touch | N6: Delo | Q6: Sijaj | R6: Mat | S6: kratzfest | T6: soft touch
A7: Cenik: | B7: Sijaj | C7: Mat | D7: Sijaj | E7: Mat | I7: Tek. Metr
A8: B4 | B8: 0.027 | C8: 0.037 | D8: =B8*H3 -> 13.5 | E8: =H3*C8 -> 18.5
A9: B3 | B9: 0.03 | C9: 0.046 | D9: =B9*H3 -> 15 | E9: =C9*H3 -> 23
A10: B2 | B10: 0.046 | C10: 0.067 | D10: =B10*H3 -> 23 | E10: =C10*H3 -> 33.5 | I10: =H3*0.7 -> 350 | L10: =I10*(S10/S5)+N10 -> 60.851923 | M10: =I10*(T10/T5)+N10 -> 116.32692 | N10: =H3/650*17 -> 13.076923 | S10: 273 | T10: 590 | U10: Širina 500
A11: B1 | B11: 0.093 | C11: 0.136 | D11: =B11*H3 -> 46.5 | E11: =C11*H3 -> 68
A12: 700x330 | B12: 0.037 | C12: 0.057 | D12: =B12*H3 -> 18.5 | E12: =C12*H3 -> 28.5 | I12: =H3*0.7 -> 350 | J12: =I12*(Q12/Q5)+N12 -> 25.58009 | K12: =I12*(R12/R5)+N12 -> 37.16859 | L12: =I12*(S12/S5)+N12 -> 49.602923 | M12: =I12*(T12/T5)+N12 -> 74.326923 | N12: =H3/650*17 -> 13.076923 | Q12: 107.17 | R12: 206.5 | S12: 208.72 | T12: 350 | U12: Širina 320
A13: 450x320 | B13: 0.032 | C13: 0.04 | D13: =B13*H3 -> 16 | E13: =C13*H3 -> 20
A14: 640x440 | B14: 0.043 | C14: 0.062 | D14: =B14*H3 -> 21.5 | E14: =C14*H3 -> 31
A15: 900x640 | B15: 0.085 | C15: 0.13 | D15: =B15*H3 -> 42.5 | E15: =C15*H3 -> 65
A16: Prip. str. do 500 pol | B16: 20 | C16: 20
B18: PAM PLUS d.o.o.
B19: T.: 031 677 071, pamef@siol.net
A20: UV lakiranje - FLEHA 1/0 | H20: F7402 | I20: Folija za plastificiranje | J20: SAIJAJ | K20: 320
A21: 500x350 | B21: 0.033 | E21: =(B21*H3)+B25 -> 26.5 | K21: 490
A22: 640x440 | B22: 0.041 | E22: =(B22*H3)+B25 -> 30.5 | H22: F7399 | K22: 495
A23: 700x500 | B23: 0.044 | E23: =(B23*H3)+B25 -> 32 | H23: F7122 | I23: Folija za plastificiranje MAT | K23: 320 | Q23: 0.0357 | S23: 0.0793 | T23: 0.1071
A24: 1000x700 | B24: 0.066 | E24: =(B24*H3)+B25 -> 43 | H24: F7646 | K24: 345
A25: Priprava | B25: 10 | H25: F7400, F7411 | K25: 495
B27: Ditis d.o.o., Stara cesta 20, 2311 Hoče
B28: T.: 041 383 799, ivan.zuran@gmail.com
A29: UV lakiranje - PARCIALNO | B29: Odtis | C29: film | D29: priprava
A30: SIJAJNO 500x350 | B30: 0.079 | C30: 16 | D30: 26.5 | E30: =(B30*H3)+C30+D30 -> 82
A31: do 30% 640x440 | B31: 0.091 | C31: 21 | D31: 31.5 | E31: =(B31*H3)+C31+D31 -> 98
A32: pokritosti 700x500 | B32: 0.097 | C32: 21 | D32: 31.5 | E32: =(B32*H3)+C32+D32 -> 101
A33: 880x640 | B33: 0.1 | C33: 31 | D33: 37 | E33: =(B33*H3)+C33+D33 -> 118
A34: 1000x700 | B34: 0.14 | C34: 40 | D34: 42 | E34: =(B34*H3)+C34+D34 -> 152
A36: UV lakiranje - PARCIALNO | B36: Odtis | C36: film | D36: priprava
A37: MAT 500x350 | B37: =B30*1.3 -> 0.1027 | C37: 16 | D37: 26.5 | E37: =(B37*H3)+C37+D37 -> 93.85
A38: 640x440 | B38: =B31*1.3 -> 0.1183 | C38: 21 | D38: 31.5 | E38: =(B38*H3)+C38+D38 -> 111.65
A39: 700x500 | B39: =B32*1.3 -> 0.1261 | C39: 21 | D39: 31.5 | E39: =(B39*H3)+C39+D39 -> 115.55
A40: 880x640 | B40: =B33*1.3 -> 0.13 | C40: 31 | D40: 37 | E40: =(B40*H3)+C40+D40 -> 133
A41: 1000x700 | B41: =B34*1.3 -> 0.182 | C41: 40 | D41: 42 | E41: =(B41*H3)+C41+D41 -> 173
A44: UV lakiranje - PARCIALNO | B44: Odtis | C44: film | D44: priprava
A45: SIJAJNO 500x350 | B45: =B30*2 -> 0.158 | C45: 16 | D45: 26.5 | E45: =(B45*H3)+C45+D45 -> 121.5
A46: do 60% 640x440 | B46: =B31*2 -> 0.182 | C46: 21 | D46: 31.5 | E46: =(B46*H3)+C46+D46 -> 143.5
A47: pokritosti 700x500 | B47: =B32*2 -> 0.194 | C47: 21 | D47: 31.5 | E47: =(B47*H3)+C47+D47 -> 149.5
A48: 880x640 | B48: =B33*2 -> 0.2 | C48: 31 | D48: 37 | E48: =(B48*H3)+C48+D48 -> 168
A49: 1000x700 | B49: =B34*2 -> 0.28 | C49: 40 | D49: 42 | E49: =(B49*H3)+C49+D49 -> 222
A51: UV lakiranje - PARCIALNO | B51: Odtis | C51: film | D51: priprava
A52: MAT 500x350 | B52: =B30*1.3*2 -> 0.2054 | C52: 16 | D52: 26.5 | E52: =(B52*H3)+C52+D52 -> 145.2
A53: do 60% 640x440 | B53: =B31*1.3*2 -> 0.2366 | C53: 21 | D53: 31.5 | E53: =(B53*H3)+C53+D53 -> 170.8
A54: pokritosti 700x500 | B54: =B32*1.3*2 -> 0.2522 | C54: 21 | D54: 31.5 | E54: =(B54*H3)+C54+D54 -> 178.6
A55: 880x640 | B55: =B33*1.3*2 -> 0.26 | C55: 31 | D55: 37 | E55: =(B55*H3)+C55+D55 -> 198
A56: 1000x700 | B56: =B34*1.3*2 -> 0.364 | C56: 40 | D56: 42 | E56: =(B56*H3)+C56+D56 -> 264
A59: UV lakiranje - PARCIALNO | B59: Odtis | C59: film | D59: priprava
A60: SIJAJNO 500x350 | B60: =B30*3 -> 0.237 | C60: 16 | D60: 26.5 | E60: =(B60*H3)+C60+D60 -> 161
A61: do 90% 640x440 | B61: =B31*3 -> 0.273 | C61: 21 | D61: 31.5 | E61: =(B61*H3)+C61+D61 -> 189
A62: pokritosti 700x500 | B62: =B32*3 -> 0.291 | C62: 21 | D62: 31.5 | E62: =(B62*H3)+C62+D62 -> 198
A63: 880x640 | B63: =B33*3 -> 0.3 | C63: 31 | D63: 37 | E63: =(B63*H3)+C63+D63 -> 218
A64: 1000x700 | B64: =B34*3 -> 0.42 | C64: 40 | D64: 42 | E64: =(B64*H3)+C64+D64 -> 292
A66: UV lakiranje - PARCIALNO | B66: Odtis | C66: film | D66: priprava
A67: MAT 500x350 | B67: =B30*1.3*3 -> 0.3081 | C67: 16 | D67: 26.5 | E67: =(B67*H3)+C67+D67 -> 196.55
A68: do 90% 640x440 | B68: =B31*1.3*3 -> 0.3549 | C68: 21 | D68: 31.5 | E68: =(B68*H3)+C68+D68 -> 229.95
A69: pokritosti 700x500 | B69: =B32*1.3*3 -> 0.3783 | C69: 21 | D69: 31.5 | E69: =(B69*H3)+C69+D69 -> 241.65
A70: 880x640 | B70: =B33*1.3*3 -> 0.39 | C70: 31 | D70: 37 | E70: =(B70*H3)+C70+D70 -> 263
A71: 1000x700 | B71: =B34*1.3*3 -> 0.546 | C71: 40 | D71: 42 | E71: =(B71*H3)+C71+D71 -> 355
A73: UV lakiranje - PARCIALNO | B73: Odtis | C73: film | D73: priprava
A74: RELIEF 500x350 | B74: 0.137 | C74: 16 | D74: 26.5 | E74: =(B74*H3)+C74+D74 -> 111
A75: do 30% 640x440 | B75: 0.19 | C75: 21 | D75: 31.5 | E75: =(B75*H3)+C75+D75 -> 147.5
A76: pokritosti 700x500 | B76: 0.21 | C76: 21 | D76: 31.5 | E76: =(B76*H3)+C76+D76 -> 157.5
A77: 880x640 | B77: 0.273 | C77: 31 | D77: 37 | E77: =(B77*H3)+C77+D77 -> 204.5
A78: 1000x700 | B78: 0.295 | C78: 40 | D78: 42 | E78: =(B78*H3)+C78+D78 -> 229.5
A80: UV lakiranje - PARCIALNO | B80: Odtis | C80: film | D80: priprava
A81: BLEŠČICE 500x350 | B81: 0.179 | C81: 16 | D81: 26.5 | E81: =(B81*H3)+C81+D81 -> 132
A82: do 30% 640x440 | B82: 0.242 | C82: 21 | D82: 31.5 | E82: =(B82*H3)+C82+D82 -> 173.5
A83: pokritosti 700x500 | B83: 0.305 | C83: 21 | D83: 31.5 | E83: =(B83*H3)+C83+D83 -> 205
A84: 880x640 | B84: 0.336 | C84: 31 | D84: 37 | E84: =(B84*H3)+C84+D84 -> 236
A85: 1000x700 | B85: 0.368 | C85: 40 | D85: 42 | E85: =(B85*H3)+C85+D85 -> 266
A87: UV lakiranje - PARCIALNO | B87: Odtis | C87: film | D87: priprava
A88: RUBL 500x350 | B88: 0.147 | C88: 16 | D88: 26.5 | E88: =(B88*H3)+C88+D88 -> 116
A89: do 30% 640x440 | B89: 0.273 | C89: 21 | D89: 31.5 | E89: =(B89*H3)+C89+D89 -> 189
A90: pokritosti 700x500 | B90: 0.295 | C90: 21 | D90: 31.5 | E90: =(B90*H3)+C90+D90 -> 200
A91: 880x640 | B91: 0.315 | C91: 31 | D91: 37 | E91: =(B91*H3)+C91+D91 -> 225.5
A92: 1000x700 | B92: 0.336 | C92: 40 | D92: 42 | E92: =(B92*H3)+C92+D92 -> 250

Sheet BROŠURE
A1: PONUDBA ZA BROŠURE / LETAKE / DOPISE | CH1: IZ B1 = TP 700x500 | CU1: 2 | CY1: 1 | CZ1: ŠT. POL A/B : | DL1: 3
CH2: IZ B1 = TP 700x330 | CU2: 3 | CY2: 2 | CZ2: ŠT. POL A/Obr. : | DL2: 1
A3: NAROČNIK: | AV3: KOMERCIALIST: | BE3: Rok Kadilnik | CH3: IZ B1 = TP 500x350 | CU3: 4
A4: PONUDBA ZA: | CH4: IZ B1 = TP 350x250 | CU4: 8
A5: FAZE DELA:
CH6: SKUPNO ŠT. STRANI: | CT6: 60
A7: TISK: | CH7: ŠT. STRANI NA POLI: | CT7: 16
A8: DODELAVA: | CH8: ŠTEVILO CELIH POL: | CT8: =IF($CT$6="","",(ROUNDDOWN($CT$6/$CT$7,0))) -> 3 | CY8: 3 | CZ8: ŠT. POL A/0 :
CH9: ŠT.STR. NA POLI /Obr.: | CT9: 8
CH10: ŠTEVILO POL/Obr.: | CT10: 1 | CZ10: ŠT. STR. OVITEK
A11: NAKLADA: | J11: 4800 | AG11: TP VLOŽEK: | AM11: 700 | AO11: x | AP11: 500 | AS11: Iz B1: | AV11: 2 | CY11: 1 | CZ11: OVITEK A/B
A12: CENA: | J12: =IF(J11="","",SUM(U28,H43,AA69,J62,T37)) -> 1257.3314 | Q12: =IF(Q11="","",SUM(AS43,BL69,AT62,BE37,BF28)) | X12: =IF(X11="","",SUM(CQ28,CP37,CD43,CW69,CE62)) | AG12: TP OVITEK: | AM12: 700 | AO12: x | AP12: 500 | AS12: Iz B1: | AV12: 2 | CY12: 2 | CZ12: OVITEK A/Obr.
A13: CENA ZA KOS: | J13: =IF(J11="","",J12/J11) -> 0.26194405 | Q13: =IF(Q11="","",Q12/Q11) | X13: =IF(X11="","",X12/X11) | CY13: 3 | CZ13: OVITEK A/0 | DL13: 1
AG14: Vložek: | AK14: =IF(E23="","",E23) -> nivis mat 90g
A15: NAKLADA: | AG15: Ovitek: | AK15: =IF(E32="","",E32) -> incada 250g | CY15: 1 | CZ15: DOPISI A/B
A16: CENA: | J16: =IF(J15="","",SUM(EC28,EB37,DP43,EI69,DQ62)) | Q16: =IF(Q15="","",SUM(FP28,FO37,FC43,FD62,FV69)) | X16: =IF(X15="","",SUM(HC28,HB37,GP43,GQ62,HI69)) | CY16: 2 | CZ16: DOPISI A/Obr.:
A17: CENA ZA KOS: | J17: =IF(J15="","",J16/J15) | Q17: =IF(Q15="","",Q16/Q15) | X17: =IF(X15="","",X16/X15) | CY17: 3 | CZ17: DOPISI A/0
A21: MATERIAL Brošure vložek: | O21: =E23 -> nivis mat 90g | AA21: MATERIAL Ovitek: | AL21: =L30 -> incada 250g
I22: =J11 -> 4800 | AT22: =Q11 -> 0 | CE22: =X11 -> 0 | DQ22: =IF(J15="","",J15) | FD22: =IF(Q15="","",Q15) | GQ22: =IF(X15="","",X15)
A23: Papir: | E23: nivis mat 90g | O23: 0.074 | T23: 1 | U23: =IF($T$23="","",IF($T$23=1,(($J$11*$DL$1)/$AV$11),IF($T$23=2,(($J$11/2)*$DL$2),IF($T$23=3,(($J$11/$AV$11)*$DL$8))))*$O$23*1.05) -> 559.44 | AC23: RAZREZ materiala: | AL23: Papir: | AP23: =IF($E$23="","",$E$23) -> nivis mat 90g | AZ23: =IF($O$23="","",$O$23) -> 0.074 | BE23: =IF($T$23="","",$T$23) -> 1 | BF23: =IF($T$23="","",IF($T$23=1,(($Q$11*$DL$1)/$AV$11),IF($T$23=2,(($Q$11/2)*$DL$2),IF($T$23=3,(($Q$11/$AV$11)*$DL$3))))*$O$23*1.05) -> 0 | BN23: RAZREZ materiala: | BW23: Papir: | CA23: =IF($E$23="","",$E$23) -> nivis mat 90g | CK23: =IF($O$23="","",$O$23) -> 0.074 | CP23: =IF($T$23="","",$T$23) -> 1 | CQ23: =IF($T$23="","",IF($T$23=1,(($X$11*$DL$1)/$AV$11),IF($T$23=2,(($X$11/2)*$DL$2),IF($T$23=3,(($X$11/$AV$11)*$DL$8))))*$O$23*1.05) -> 0 | CY23: RAZREZ materiala: | DI23: Papir: | DM23: =IF($E$23="","",$E$23) -> nivis mat 90g | DW23: =IF($O$23="","",$O$23) -> 0.074 | EB23: =IF($T$23="","",$T$23) -> 1 | EC23: =IF($T$23="","",IF($T$23=1,(($J$15*$DL$1)/$AV$11),IF($T$23=2,(($J$15/2)*$DL$2),IF($T$23=3,(($J$15/$AV$11)*$DL$8))))*$O$23*1.05) -> 0 | EK23: RAZREZ materiala: | EV23: Papir: | EZ23: =IF($E$23="","",$E$23) -> nivis mat 90g | FJ23: =IF($O$23="","",$O$23) -> 0.074 | FO23: =IF($T$23="","",$T$23) -> 1 | FP23: =IF($T$23="","",IF($T$23=1,(($Q$11*$DL$1)/$AV$11),IF($T$23=2,(($Q$11/2)*$DL$2),IF($T$23=3,(($Q$11/$AV$11)*$DL$3))))*$O$23*1.05) -> 0 | FX23: RAZREZ materiala: | GI23: Papir: | GM23: =IF($E$23="","",$E$23) -> nivis mat 90g | GW23: =IF($O$23="","",$O$23) -> 0.074 | HB23: =IF($T$23="","",$T$23) -> 1 | HC23: =IF($T$23="","",IF($T$23=1,(($X$11*$DL$1)/$AV$11),IF($T$23=2,(($X$11/2)*$DL$2),IF($T$23=3,(($X$11/$AV$11)*$DL$8))))*$O$23*1.05) -> 0 | HK23: RAZREZ materiala:
A24: Folija: | AC24: Papir: | AG24: =IF($O$23="","",(($J$11/$AV$11)/3500)*17*CT8*CT10) -> 34.971429 | AL24: Folija: | AP24: =IF($E$24="","",$E$24) | AZ24: =IF($O$24="","",$O$24) | BN24: Papir: | BR24: =IF($O$23="","",(($Q$11/$AV$11)/3500)*17) -> 0 | BW24: Folija: | CA24: =IF($E$24="","",$E$24) | CK24: =IF($O$24="","",$O$24) | CY24: Papir: | DC24: =IF($O$23="","",(($X$11/$AV$11)/3500)*17) -> 0 | DI24: Folija: | DM24: =IF($E$24="","",$E$24) | DW24: =IF($O$24="","",$O$24) | EK24: Papir: | EO24: =IF($O$23="","",(($J$15/$AV$11)/3500)*17) -> 0 | EV24: Folija: | EZ24: =IF($E$24="","",$E$24) | FJ24: =IF($O$24="","",$O$24) | FX24: Papir: | GB24: =IF($O$23="","",(($Q$15/$AV$11)/3500)*17) -> 0 | GI24: Folija: | GM24: =IF($E$24="","",$E$24) | GW24: =IF($O$24="","",$O$24) | HK24: Papir: | HO24: =IF($O$23="","",(($X$15/$AV$11)/3500)*17) -> 0
A25: UV: | AC25: Karton: | AG25: =IF($O$32="","",(($J$11/$AV$12)/2500)*17) -> 16.32 | AL25: UV: | AP25: =IF($E$25="","",$E$25) | AZ25: =IF($O$25="","",$O$25) | BN25: Karton: | BR25: =IF($O$32="","",(($Q$11/$AV$12)/2500)*17) -> 0 | BW25: UV: | CA25: =IF($E$25="","",$E$25) | CK25: =IF($O$25="","",$O$25) | CY25: Karton: | DC25: =IF($O$32="","",(($X$11/$AV$12)/2500)*17) -> 0 | DI25: UV: | DM25: =IF($E$25="","",$E$25) | DW25: =IF($O$25="","",$O$25) | EK25: Karton: | EO25: =IF($O$32="","",(($J$15/$AV$12)/2500)*17) -> 0 | EV25: UV: | EZ25: =IF($E$25="","",$E$25) | FJ25: =IF($O$25="","",$O$25) | FX25: Karton: | GB25: =IF($O$32="","",(($Q$15/$AV$12)/2500)*17) -> 0 | GI25: UV: | GM25: =IF($E$25="","",$E$25) | GW25: =IF($O$25="","",$O$25) | HK25: Karton: | HO25: =IF($O$32="","",(($X$15/$AV$12)/2500)*17) -> 0
A26: Plastika: | AL26: Plastika: | AP26: =IF($E$26="","",$E$26) | AZ26: =IF($O$26="","",$O$26) | BW26: Plastika: | CA26: =IF($E$26="","",$E$26) | CK26: =IF($O$26="","",$O$26) | DI26: Plastika: | DM26: =IF($E$26="","",$E$26) | DW26: =IF($O$26="","",$O$26) | EV26: Plastika: | EZ26: =IF($E$26="","",$E$26) | FJ26: =IF($O$26="","",$O$26) | GI26: Plastika: | GM26: =IF($E$26="","",$E$26) | GW26: =IF($O$26="","",$O$26)
AC27: Vsota: | AG27: =SUM(AG24:AJ25) -> 51.291429 | BN27: Vsota: | BR27: =SUM(BR24:BU25) -> 0 | CY27: Vsota: | DC27: =SUM(DC24:DF25) -> 0 | EK27: Vsota: | EO27: =SUM(EO24:ER25) -> 0 | FX27: Vsota: | GB27: =SUM(GB24:GE25) -> 0 | HK27: Vsota: | HO27: =SUM(HO24:HR25) -> 0
Q28: Vsota: | U28: =SUM(U23:Z26) -> 559.44 | BB28: Vsota: | BF28: =SUM(BF23:BK26) -> 0 | CM28: Vsota: | CQ28: =SUM(CQ23:CV26) -> 0 | DY28: Vsota: | EC28: =SUM(EC23:EH26) -> 0 | FL28: Vsota: | FP28: =SUM(FP23:FU26) -> 0 | GY28: Vsota: | HC28: =SUM(HC23:HH26) -> 0
A30: MATERIAL Ovitek: | L30: =E32 -> incada 250g | AL30: MATERIAL Ovitek: | AW30: =AP32 -> incada 250g | BW30: MATERIAL Ovitek: | CH30: =CA32 -> incada 250g | DI30: MATERIAL Ovitek: | DT30: =DM32 -> incada 250g | EV30: MATERIAL Ovitek: | FG30: =EZ32 -> incada 250g | GI30: MATERIAL Ovitek: | GT30: =GM32 -> incada 250g
A32: Karton: | E32: incada 250g | O32: 0.123 | T32: 2 | U32: =IF($T$32="","",IF($T$32=1,($DL$11*$J$11*$O$32)/$AV$12*1.05,IF($T$32=2,($J$11/2*$DL$12*$O$32)/$AV$12*1.05,IF($T$32=3,($J$11*$O$32*$DL$13)/$AV$12*1.05)))) -> 0 | AL32: Karton: | AP32: =IF($E$32="","",$E$32) -> incada 250g | AZ32: =IF($O$32="","",$O$32) -> 0.123 | BE32: =IF($T$32="","",$T$32) -> 2 | BF32: =IF($BE$32="","",IF($BE$32=1,($DL$11*$Q$11*$O$32)/$AV$12*1.05,IF($BE$32=2,($Q$11/2*$DL$12*$O$32)/$AV$12*1.05,IF($BE$32=3,($Q$11*$O$32*$DL$13)/$AV$12*1.05)))) -> 0 | BW32: Karton: | CA32: =IF($E$32="","",$E$32) -> incada 250g | CK32: =IF($O$32="","",$O$32) -> 0.123 | CP32: =IF($T$32="","",$T$32) -> 2 | CQ32: =IF($CP$32="","",IF($CP$32=1,($DL$11*$X$11*$O$32)/$AV$12*1.05,IF($CP$32=2,($X$11/2*$DL$12*$O$32)/$AV$12*1.05,IF($CP$32=3,($X$11*$O$32*$DL$13)/$AV$12*1.05)))) -> 0 | DI32: Karton: | DM32: =IF($E$32="","",$E$32) -> incada 250g | DW32: =IF($O$32="","",$O$32) -> 0.123 | EB32: =IF($T$32="","",$T$32) -> 2 | EC32: =IF($T$32="","",IF($T$32=1,($DL$11*$J$15*$O$32)/$AV$12*1.05,IF($T$32=2,($J$15/2*$DL$12*$O$32)/$AV$12*1.05,IF($T$32=3,($J$15*$O$32*$DL$13)/$AV$12*1.05)))) -> 0 | EV32: Karton: | EZ32: =IF($E$32="","",$E$32) -> incada 250g | FJ32: =IF($O$32="","",$O$32) -> 0.123 | FO32: =IF($T$32="","",$T$32) -> 2 | FP32: =IF($BE$32="","",IF($BE$32=1,($DL$11*$Q$15*$O$32)/$AV$12*1.05,IF($BE$32=2,($Q$15/2*$DL$12*$O$32)/$AV$12*1.05,IF($BE$32=3,($Q$15*$O$32*$DL$13)/$AV$12*1.05)))) -> 0 | GI32: Karton: | GM32: =IF($E$32="","",$E$32) -> incada 250g | GW32: =IF($O$32="","",$O$32) -> 0.123 | HB32: =IF($T$32="","",$T$32) -> 2 | HC32: =IF($CP$32="","",IF($CP$32=1,($DL$11*$X$15*$O$32)/$AV$12*1.05,IF($CP$32=2,($X$15/2*$DL$12*$O$32)/$AV$12*1.05,IF($CP$32=3,($X$15*$O$32*$DL$13)/$AV$12*1.05)))) -> 0
A33: Folija: | AL33: Folija: | AP33: =IF($E$33="","",$E$33) | AZ33: =IF($O$33="","",$O$33) | BW33: Folija: | CA33: =IF($E$33="","",$E$33) | CK33: =IF($O$33="","",$O$33) | DI33: Folija: | DM33: =IF($E$33="","",$E$33) | DW33: =IF($O$33="","",$O$33) | EV33: Folija: | EZ33: =IF($E$33="","",$E$33) | FJ33: =IF($O$33="","",$O$33) | GI33: Folija: | GM33: =IF($E$33="","",$E$33) | GW33: =IF($O$33="","",$O$33)
A34: UV: | AL34: UV: | AP34: =IF($E$34="","",$E$34) | AZ34: =IF($O$34="","",$O$34) | BW34: UV: | CA34: =IF($E$34="","",$E$34) | CK34: =IF($O$34="","",$O$34) | DI34: UV: | DM34: =IF($E$34="","",$E$34) | DW34: =IF($O$34="","",$O$34) | EV34: UV: | EZ34: =IF($E$34="","",$E$34) | FJ34: =IF($O$34="","",$O$34) | GI34: UV: | GM34: =IF($E$34="","",$E$34) | GW34: =IF($O$34="","",$O$34)
A35: Plastika: | AL35: Plastika: | AP35: =IF($E$35="","",$E$35) | AZ35: =IF($O$35="","",$O$35) | BW35: Plastika: | CA35: =IF($E$35="","",$E$35) | CK35: =IF($O$35="","",$O$35) | DI35: Plastika: | DM35: =IF($E$35="","",$E$35) | DW35: =IF($O$35="","",$O$35) | EV35: Plastika: | EZ35: =IF($E$35="","",$E$35) | FJ35: =IF($O$35="","",$O$35) | GI35: Plastika: | GM35: =IF($E$35="","",$E$35) | GW35: =IF($O$35="","",$O$35)
P37: Vsota: | T37: =SUM(U32:Y34) -> 0 | BA37: Vsota: | BE37: =SUM(BF32:BJ34) -> 0 | CL37: Vsota: | CP37: =SUM(CQ32:CU35) -> 0 | DX37: Vsota: | EB37: =SUM(EC32:EG35) -> 0 | FK37: Vsota: | FO37: =SUM(FP32:FT35) -> 0 | GX37: Vsota: | HB37: =SUM(HC32:HG35) -> 0
A39: PRIPRAVA TF: | AL39: PRIPRAVA TF: | BW39: PRIPRAVA TF: | DI39: PRIPRAVA TF: | EV39: PRIPRAVA TF: | GI39: PRIPRAVA TF:
A40: Plošče: | E40: 8 | H40: =IF($E$40="","",$E$40*6) -> 48 | AL40: Plošče: | AP40: =IF($E$40="","",$E$40) -> 8 | AS40: =IF($H$40="","",$H$40) -> 48 | BW40: Plošče: | CA40: =IF($E$40="","",$E$40) -> 8 | CD40: =IF($H$40="","",$H$40) -> 48 | DI40: Plošče: | DM40: =IF($E$40="","",$E$40) -> 8 | DP40: =IF($H$40="","",$H$40) -> 48 | EV40: Plošče: | EZ40: =IF($E$40="","",$E$40) -> 8 | FC40: =IF($H$40="","",$H$40) -> 48 | GI40: Plošče: | GM40: =IF($E$40="","",$E$40) -> 8 | GP40: =IF($H$40="","",$H$40) -> 48
A41: Repro: | E41: 1 | H41: =IF($E$41="","",$E$41*21) -> 21 | AL41: Repro: | AP41: =IF($E$41="","",$E$41) -> 1 | AS41: =IF($H$41="","",$H$41) -> 21 | BW41: Repro: | CA41: =IF($E$41="","",$E$41) -> 1 | CD41: =IF($H$41="","",$H$41) -> 21 | DI41: Repro: | DM41: =IF($E$41="","",$E$41) -> 1 | DP41: =IF($H$41="","",$H$41) -> 21 | EV41: Repro: | EZ41: =IF($E$41="","",$E$41) -> 1 | FC41: =IF($H$41="","",$H$41) -> 21 | GI41: Repro: | GM41: =IF($E$41="","",$E$41) -> 1 | GP41: =IF($H$41="","",$H$41) -> 21
D43: Vsota: | H43: =SUM(H40:L41) -> 69 | AO43: Vsota: | AS43: =SUM(AS40:AW41) -> 69 | BZ43: Vsota: | CD43: =SUM(CD40:CH41) -> 69 | DL43: Vsota: | DP43: =SUM(DP40:DT41) -> 69 | EY43: Vsota: | FC43: =SUM(FC40:FG41) -> 69 | GL43: Vsota: | GP43: =SUM(GP40:GT41) -> 69
A45: TISK: | AL45: TISK: | BW45: TISK: | DI45: TISK: | EV45: TISK: | GI45: TISK:
A46: H5 - R300: | G46: Vložek: | P46: H5 - R300: | V46: Ovitek: | AL46: H5 - R300: | AR46: Vložek: | BA46: H5 - R300: | BG46: Ovitek: | BW46: H5 - R300: | CC46: Vložek: | CL46: H5 - R300: | CR46: Ovitek: | DI46: H5 - R300: | DO46: Vložek: | DX46: H5 - R300: | ED46: Ovitek: | EV46: H5 - R300: | FB46: Vložek: | FK46: H5 - R300: | FQ46: Ovitek: | GI46: H5 - R300: | GO46: Vložek: | GX46: H5 - R300: | HD46: Ovitek:
A47: Priprava: | F47: 2 | J47: =IF(F47="","",F47*67) -> 134 | P47: Priprava: | U47: 0.5 | Y47: =IF(U47="","",U47*67) -> 33.5 | AL47: Priprava: | AQ47: =IF($F$47="","",$F$47) -> 2 | AU47: =IF(AQ47="","",AQ47*67) -> 134 | BA47: Priprava: | BF47: =IF($U$47="","",$U$47) -> 0.5 | BJ47: =IF(BF47="","",BF47*67) -> 33.5 | BW47: Priprava: | CB47: =IF($F$47="","",$F$47) -> 2 | CF47: =IF(CB47="","",CB47*67) -> 134 | CL47: Priprava: | CQ47: =IF($U$47="","",$U$47) -> 0.5 | CU47: =IF(CQ47="","",CQ47*67) -> 33.5 | DI47: Priprava: | DN47: =IF($F$47="","",$F$47) -> 2 | DR47: =IF(DN47="","",DN47*67) -> 134 | DX47: Priprava: | EC47: =IF($U$47="","",$U$47) -> 0.5 | EG47: =IF(EC47="","",EC47*67) -> 33.5 | EV47: Priprava: | FA47: =IF($F$47="","",$F$47) -> 2 | FE47: =IF(FA47="","",FA47*67) -> 134 | FK47: Priprava: | FP47: =IF($U$47="","",$U$47) -> 0.5 | FT47: =IF(FP47="","",FP47*67) -> 33.5 | GI47: Priprava: | GN47: =IF($F$47="","",$F$47) -> 2 | GR47: =IF(GN47="","",GN47*67) -> 134 | GX47: Priprava: | HC47: =IF($U$47="","",$U$47) -> 0.5 | HG47: =IF(HC47="","",HC47*67) -> 33.5
A48: Tisk: | F48: 5 | J48: =IF(F48="","",F48*67) -> 335 | P48: Tisk: | U48: 0.5 | Y48: =IF(U48="","",U48*67) -> 33.5 | AL48: Tisk: | AQ48: =IF($Q$11="","",(($Q$11*$DL$1*2+$Q$11*($DL$2/2)*2+$DL$8*$Q$11))/4000+0.25) | AU48: =IF(AQ48="","",AQ48*67) | BA48: Tisk: | BF48: =IF($Q$11="","",(($Q$11*$DL$11*2+$Q$11*($DL$12/2)*2+$Q$11*$DL$13))/4000+0.25) | BJ48: =IF(BF48="","",BF48*67) | BW48: Tisk: | CB48: =IF($X$11="","",(($X$11*$DL$1*2+$X$11*($DL$2/2)*2+$DL$8*$X$11))/4000+0.25) | CF48: =IF(CB48="","",CB48*67) | CL48: Tisk: | CQ48: =IF($X$11="","",(($X$11*$DL$11*2+$X$11*($DL$12/2)*2+$X$11*$DL$13))/4000+0.25) | CU48: =IF(CQ48="","",CQ48*67) | DI48: Tisk: | DN48: =IF($J$15="","",(($J$15*$DL$1*2+$J$15*($DL$2/2)*2+$J$15*$DL$8))/4000+0.25) | DR48: =IF(DN48="","",DN48*67) | DX48: Tisk: | EC48: =IF($Q$11="","",(($J$11*$DL$11*2+$J$11*($DL$12/2)*2+$J$11*$DL$13))/4000+0.25) | EG48: =IF(EC48="","",EC48*67) | EV48: Tisk: | FA48: =IF($Q$15="","",(($Q$15*$DL$1*2+$Q$15*($DL$2/2)*2+$DL$8*$Q$15))/4000+0.25) | FE48: =IF(FA48="","",FA48*67) | FK48: Tisk: | FP48: =IF($Q$11="","",(($Q$11*$DL$11*2+$Q$11*($DL$12/2)*2+$Q$11*$DL$13))/4000+0.25) | FT48: =IF(FP48="","",FP48*67) | GI48: Tisk: | GN48: =IF($X$15="","",(($X$15*$DL$1*2+$X$15*($DL$2/2)*2+$DL$8*$X$15))/4000+0.25) | GR48: =IF(GN48="","",GN48*67) | GX48: Tisk: | HC48: =IF($X$15="","",(($X$15*$DL$11*2+$X$15*($DL$12/2)*2+$X$15*$DL$13))/4000+0.25) | HG48: =IF(HC48="","",HC48*67)
A50: Disp. LAK: | G50: Vložek: | P50: Disp. LAK: | V50: Ovitek: | AL50: Disp. LAK: | AR50: Vložek: | BA50: Disp. LAK: | BG50: Ovitek: | BW50: Disp. LAK: | CL50: Disp. LAK: | CR50: Ovitek: | DI50: Disp. LAK: | DX50: Disp. LAK: | ED50: Ovitek: | EV50: Disp. LAK: | FK50: Disp. LAK: | FQ50: Ovitek: | GI50: Disp. LAK: | GX50: Disp. LAK: | HD50: Ovitek:
A51: Priprava: | J51: =IF(F51="","",F51*60) | P51: Priprava: | Y51: =IF(U51="","",U51*60) | AL51: Priprava: | AQ51: =IF($F$51="","",$F$51) | AU51: =IF(AQ51="","",AQ51*60) | BA51: Priprava: | BF51: =IF($U$51="","",$U$51) | BJ51: =IF(BF51="","",BF51*60) | BW51: Priprava: | CB51: =IF($F$51="","",$F$51) | CF51: =IF(CB51="","",CB51*60) | CL51: Priprava: | CQ51: =IF($U$51="","",$U$51) | CU51: =IF(CQ51="","",CQ51*60) | DI51: Priprava: | DN51: =IF($F$51="","",$F$51) | DR51: =IF(DN51="","",DN51*60) | DX51: Priprava: | EC51: =IF($U$51="","",$U$51) | EG51: =IF(EC51="","",EC51*60) | EV51: Priprava: | FA51: =IF($F$51="","",$F$51) | FE51: =IF(FA51="","",FA51*60) | FK51: Priprava: | FP51: =IF($U$51="","",$U$51) | FT51: =IF(FP51="","",FP51*60) | GI51: Priprava: | GN51: =IF($F$51="","",$F$51) | GR51: =IF(GN51="","",GN51*60) | GX51: Priprava: | HC51: =IF($U$51="","",$U$51) | HG51: =IF(HC51="","",HC51*60)
A52: Tisk: | E52: 1 | F52: =IF($F$51="","",IF($E$52=1,($J$11*$DL$1*2+$J$11*($DL$2/2)+$J$11*$DL$8),IF($E$52=2,($J$11*$DL$1*2+$J$11*($DL$2/2)+$J$11*$DL$8)*2))) | J52: =IF(F52="","",F52*0.01) | P52: Tisk: | U52: =IF($U$51="","",IF($T$52=1,($J$11*$DL$11*2+$J$11*($DL$12/2)+$DL$13*$J$11),IF($T$52=2,($J$11*$DL$11*2+$J$11*($DL$12/2)+$DL$13*$J$11)*2))) | Y52: =IF(U52="","",U52*0.01) | AL52: Tisk: | AP52: =IF($E$52="","",$E$52) -> 1 | AQ52: =IF($F$51="","",IF($E$52=1,($Q$11*$DL$1*2+$Q$11*($DL$2/2)+$Q$11*$DL$8),IF($E$52=2,($Q$11*$DL$1*2+$Q$11*($DL$2/2)+$Q$11*$DL$8)*2))) | AU52: =IF(AQ52="","",AQ52*0.01) | BA52: Tisk: | BE52: =IF($T$52="","",$T$52) | BF52: =IF($U$51="","",IF($T$52=1,($Q$11*$DL$11*2+$Q$11*($DL$12/2)+$DL$13*$Q$11),IF($T$52=2,($Q$11*$DL$11*2+$Q$11*($DL$12/2)+$DL$13*$Q$11)*2))) | BJ52: =IF(BF52="","",BF52*0.01) | BW52: Tisk: | CA52: =IF($E$52="","",$E$52) -> 1 | CB52: =IF($F$51="","",IF($E$52=1,($X$11*$DL$1*2+$X$11*($DL$2/2)+$X$11*$DL$8),IF($E$52=2,($X$11*$DL$1*2+$X$11*($DL$2/2)+$X$11*$DL$8)*2))) | CF52: =IF(CB52="","",CB52*0.01) | CL52: Tisk: | CP52: =IF($T$52="","",$T$52) | CQ52: =IF(CQ51="","",IF(CP52=1,($X$11*$DL$11*2+$X$11*($DL$12/2)+$DL$13*$X$11),IF(CP52=2,($X$11*$DL$11*2+$X$11*($DL$12/2)+$DL$13*$X$11)*2))) | CU52: =IF(CQ52="","",CQ52*0.01) | DI52: Tisk: | DM52: =IF($E$52="","",$E$52) -> 1 | DN52: =IF($F$51="","",IF($E$52=1,($J$15*$DL$1*2+$J$15*($DL$2/2)+$J$15*$DL$8),IF($E$52=2,($J$15*$DL$1*2+$J$15*($DL$2/2)+$J$15*$DL$8)*2))) | DR52: =IF(DN52="","",DN52*0.01) | DX52: Tisk: | EB52: =IF($T$52="","",$T$52) | EC52: =IF($U$51="","",IF($T$52=1,($J$15*$DL$11*2+$J$15*($DL$12/2)+$DL$13*$J$15),IF($T$52=2,($J$15*$DL$11*2+$J$15*($DL$12/2)+$DL$13*$J$15)*2))) | EG52: =IF(EC52="","",EC52*0.01) | EV52: Tisk: | EZ52: =IF($E$52="","",$E$52) -> 1 | FA52: =IF($F$51="","",IF($E$52=1,($Q$15*$DL$1*2+$Q$15*($DL$2/2)+$Q$15*$DL$8),IF($E$52=2,($Q$15*$DL$1*2+$Q$15*($DL$2/2)+$Q$15*$DL$8)*2))) | FE52: =IF(FA52="","",FA52*0.01) | FK52: Tisk: | FO52: =IF($T$52="","",$T$52) | FP52: =IF($U$51="","",IF($T$52=1,($Q$15*$DL$11*2+$Q$15*($DL$12/2)+$DL$13*$Q$15),IF($T$52=2,($Q$15*$DL$11*2+$Q$15*($DL$12/2)+$DL$13*$Q$15)*2))) | FT52: =IF(FP52="","",FP52*0.01) | GI52: Tisk: | GM52: =IF($E$52="","",$E$52) -> 1 | GN52: =IF($F$51="","",IF($E$52=1,($X$15*$DL$1*2+$X$15*($DL$2/2)+$X$15*$DL$8),IF($E$52=2,($X$15*$DL$1*2+$X$15*($DL$2/2)+$X$15*$DL$8)*2))) | GR52: =IF(GN52="","",GN52*0.01) | GX52: Tisk: | HB52: =IF($T$52="","",$T$52) | HC52: =IF(HC51="","",IF(HB52=1,($X$15*$DL$11*2+$X$15*($DL$12/2)+$DL$13*$X$15),IF(HB52=2,($X$15*$DL$11*2+$X$15*($DL$12/2)+$DL$13*$X$15)*2))) | HG52: =IF(HC52="","",HC52*0.01)
A54: PM: | Q54: DODELAVA: | AL54: PM: | BB54: DODELAVA: | BW54: PM: | CM54: DODELAVA: | DI54: PM: | DY54: DODELAVA: | EV54: PM: | FL54: DODELAVA: | GI54: PM: | GY54: DODELAVA:
A55: Priprava: | J55: =IF(F55="","",F55*21) | Q55: Stolp: | AL55: Priprava: | AQ55: =IF($F$55="","",$F$55) | AU55: =IF(AQ55="","",AQ55*21) | BB55: Stolp: | BF55: =IF($U$55="","",$U$55) | BW55: Priprava: | CB55: =IF($F$55="","",$F$55) | CF55: =IF(CB55="","",CB55*21) | CM55: Stolp: | CQ55: =IF($U$55="","",$U$55) | DI55: Priprava: | DN55: =IF($F$55="","",$F$55) | DR55: =IF(DN55="","",DN55*21) | DY55: Stolp: | EC55: =IF($U$55="","",$U$55) | EV55: Priprava: | FA55: =IF($F$55="","",$F$55) | FE55: =IF(FA55="","",FA55*21) | FL55: Stolp: | FP55: =IF($U$55="","",$U$55) | GI55: Priprava: | GN55: =IF($F$55="","",$F$55) | GR55: =IF(GN55="","",GN55*21) | GY55: Stolp: | HC55: =IF($U$55="","",$U$55)
A56: Tisk: | F56: =IF($E$56="","",IF($E$56=1,($J$11*$DL$1*2)/2500,IF($E$56=2,(($DL$2*$J$11)/2)/2500,IF($E$56=3,($DL$8*$J$11)/2500)))) | J56: =IF(F56="","",F56*21) | U56: 8 | Y56: =IF(U56="","",U56*17) -> 136 | AL56: Tisk: | AP56: =IF($E$56="","",$E$56) | AQ56: =IF($AP$56="","",IF($AP$56=1,($Q$11*$DL$1*2)/2500,IF($AP$56=2,(($DL$2*$Q$11)/2)/2500,IF($AP$56=3,($DL$8*$Q$11)/2500)))) | AU56: =IF(AQ56="","",AQ56*21) | BF56: =IF($U$55="","",$Q$11/500+0.75) | BJ56: =IF(BF56="","",BF56*17) | BW56: Tisk: | CA56: =IF($E$56="","",$E$56) | CB56: =IF($CA$56="","",IF($CA$56=1,($X$11*$DL$1*2)/2500,IF($CA$56=2,(($DL$2*$X$11)/2)/2500,IF($CA$56=3,($DL$8*$X$11)/2500)))) | CF56: =IF(CB56="","",CB56*21) | CQ56: =IF($U$55="","",$X$11/500+0.75) | CU56: =IF(CQ56="","",CQ56*17) | DI56: Tisk: | DM56: =IF($E$56="","",$E$56) | DN56: =IF($E$56="","",IF($E$56=1,($J$15*$DL$1*2)/2500,IF($E$56=2,(($DL$2*$J$15)/2)/2500,IF($E$56=3,($DL$8*$J$15)/2500)))) | DR56: =IF(DN56="","",DN56*21) | EC56: =IF($U$55="","",$J$15/500+0.75) | EG56: =IF(EC56="","",EC56*17) | EV56: Tisk: | EZ56: =IF($E$56="","",$E$56) | FA56: =IF($AP$56="","",IF($AP$56=1,($Q$15*$DL$1*2)/2500,IF($AP$56=2,(($DL$2*$Q$15)/2)/2500,IF($AP$56=3,($DL$8*$Q$15)/2500)))) | FE56: =IF(FA56="","",FA56*21) | FP56: =IF($U$55="","",$Q$15/500+0.75) | FT56: =IF(FP56="","",FP56*17) | GI56: Tisk: | GM56: =IF($E$56="","",$E$56) | GN56: =IF($CA$56="","",IF($CA$56=1,($X$15*$DL$1*2)/2500,IF($CA$56=2,(($DL$2*$X$15)/2)/2500,IF($CA$56=3,($DL$8*$X$15)/2500)))) | GR56: =IF(GN56="","",GN56*21) | HC56: =IF($U$55="","",$Q$15/500+0.75) | HG56: =IF(HC56="","",HC56*17)
A58: Folija: | Q58: Plastika: | AL58: Folija: | BB58: Plastika: | BW58: Folija: | CM58: Plastika: | DI58: Folija: | DY58: Plastika: | EV58: Folija: | FL58: Plastika: | GI58: Folija: | GY58: Plastika:
A59: Priprava: | J59: =IF(F59="","",F59*17) | Y59: =IF($U$59="","",IF(U59=1,PLASTIKA!P23,IF(U59=2,PLASTIKA!U23,IF(U59=3,PLASTIKA!P33,IF(U59=4,PLASTIKA!U33))))) | AL59: Priprava: | AQ59: =IF($F$59="","",$F$59) | AU59: =IF(AQ59="","",AQ59*17) | BJ59: =IF(BF59="","",BF59*17) | BW59: Priprava: | CB59: =IF($F$59="","",$F$59) | CF59: =IF(CB59="","",CB59*17) | CU59: =IF(CQ59="","",CQ59*17) | DI59: Priprava: | DN59: =IF($F$59="","",$F$59) | DR59: =IF(DN59="","",DN59*17) | EG59: =IF(EC59="","",EC59*17) | EV59: Priprava: | FA59: =IF($F$59="","",$F$59) | FE59: =IF(FA59="","",FA59*17) | FT59: =IF(FP59="","",FP59*17) | GI59: Priprava: | GN59: =IF($F$59="","",$F$59) | GR59: =IF(GN59="","",GN59*17) | HG59: =IF(HC59="","",HC59*17)
A60: Tisk: | J60: =IF(F60="","",F60*17) | AL60: Tisk: | AU60: =IF(AQ60="","",AQ60*17) | BW60: Tisk: | CF60: =IF(CB60="","",CB60*17) | DI60: Tisk: | DR60: =IF(DN60="","",DN60*17) | EV60: Tisk: | FE60: =IF(FA60="","",FA60*17) | GI60: Tisk: | GR60: =IF(GN60="","",GN60*17)
Q61: Znašanje: | AA61: 1 | AB61: =IF(X61="","",X61*11) | BB61: Znašanje: | BI61: =IF($AA$61="","",$Q$11/500) -> 0 | BM61: =IF(BI61="","",BI61*11) -> 0 | CM61: Znašanje: | CT61: =IF($AA$61="","",$X$11/500) -> 0 | CX61: =IF(CT61="","",CT61*11) -> 0 | DY61: Znašanje: | EF61: =IF($AA$61="","",$J$15/500) -> 0 | EJ61: =IF(EF61="","",EF61*11) -> 0 | FL61: Znašanje: | FS61: =IF($AA$61="","",$Q$15/500) -> 0 | FW61: =IF(FS61="","",FS61*11) -> 0 | GY61: Znašanje: | HF61: =IF($AA$61="","",$X$15/500) -> 0 | HJ61: =IF(HF61="","",HF61*11) -> 0
E62: Vsota: | J62: =SUM(J59,J60,J56,J55,J52,J51,J48,J47,Y51,Y52,Y48,Y47) -> 536 | Q62: Štetje: | X62: =IF($AA$62="","",$J$11/500) | AB62: =IF(X62="","",X62*11) | AP62: Vsota: | AT62: =SUM(AU59,AU60,AU56,AU55,AU52,AU51,AU48,AU47,BJ52,BJ51,BJ48,BJ47) -> 167.5 | BB62: Štetje: | BI62: =IF($AA$62="","",$Q$11/500) | BM62: =IF(BI62="","",BI62*11) | CA62: Vsota: | CE62: =SUM(CF60,CF59,CF56,CF55,CF52,CF51,CF48,CF47,CU52,CU51,CU48,CU47) -> 167.5 | CM62: Štetje: | CT62: =IF($AA$62="","",$X$11/500) | CX62: =IF(CT62="","",CT62*11) | DM62: Vsota: | DQ62: =SUM(DR60,DR59,DR56,DR55,DR52,DR51,DR48,DR47,EG52,EG51,EG48,EG47) -> 167.5 | DY62: Štetje: | EF62: =IF($AA$62="","",$J$15/500) | EJ62: =IF(EF62="","",EF62*11) | EZ62: Vsota: | FD62: =SUM(FE60,FE59,FE56,FE55,FE52,FE51,FE48,FE47,FT52,FT51,FT48,FT47) -> 167.5 | FL62: Štetje: | FS62: =IF($AA$62="","",$Q$15/500) | FW62: =IF(FS62="","",FS62*11) | GM62: Vsota: | GQ62: =SUM(GR60,GR59,GR56,GR55,GR52,GR51,GR48,GR47,HG52,HG51,HG48,HG47) -> 167.5 | GY62: Štetje: | HF62: =IF($AA$62="","",$X$15/500) | HJ62: =IF(HF62="","",HF62*11)
Q63: Šivanje-hrbet: | X63: =IF($AA$63="","",$J$11/500) | AB63: =IF(X63="","",X63*11) | BB63: Šivanje-hrbet: | BI63: =IF($AA$63="","",$Q$11/500) | BM63: =IF(BI63="","",BI63*11) | CM63: Šivanje-hrbet: | CT63: =IF($AA$63="","",$X$11/500) | CX63: =IF(CT63="","",CT63*11) | DY63: Šivanje-hrbet: | EF63: =IF($AA$63="","",$J$15/500) | EJ63: =IF(EF63="","",EF63*11) | FL63: Šivanje-hrbet: | FS63: =IF($AA$63="","",$Q$15/500) | FW63: =IF(FS63="","",FS63*11) | GY63: Šivanje-hrbet: | HF63: =IF($AA$63="","",$X$15/500) | HJ63: =IF(HF63="","",HF63*11)
Q64: Izd. Kompletov: | X64: =IF($AA$64="","",$J$11/500) | AB64: =IF(X64="","",X64*11) | BB64: Izd. Kompletov: | BI64: =IF($AA$64="","",$Q$11/500) | BM64: =IF(BI64="","",BI64*11) | CM64: Izd. Kompletov: | CT64: =IF($AA$64="","",$X$11/500) | CX64: =IF(CT64="","",CT64*11) | DY64: Izd. Kompletov: | EF64: =IF($AA$64="","",$J$15/500) | EJ64: =IF(EF64="","",EF64*11) | FL64: Izd. Kompletov: | FS64: =IF($AA$64="","",$Q$15/500) | FW64: =IF(FS64="","",FS64*11) | GY64: Izd. Kompletov: | HF64: =IF($AA$64="","",$X$15/500) | HJ64: =IF(HF64="","",HF64*11)
Q65: Opasovanje: | X65: =IF($AA$65="","",$J$11/500) | AB65: =IF(X65="","",X65*11) | BB65: Opasovanje: | BI65: =IF($AA$65="","",$Q$11/500) | BM65: =IF(BI65="","",BI65*11) | CM65: Opasovanje: | CT65: =IF($AA$65="","",$X$11/500) | CX65: =IF(CT65="","",CT65*11) | DY65: Opasovanje: | EF65: =IF($AA$65="","",$J$15/500) | EJ65: =IF(EF65="","",EF65*11) | FL65: Opasovanje: | FS65: =IF($AA$65="","",$Q$15/500) | FW65: =IF(FS65="","",FS65*11) | GY65: Opasovanje: | HF65: =IF($AA$65="","",$X$15/500) | HJ65: =IF(HF65="","",HF65*11)
Q66: Razrez: | AA66: 1 | AB66: =IF(X66="","",X66*11) | BB66: Razrez: | BI66: =IF($AA$65="","",$J$11/500) | BM66: =IF(BI66="","",BI66*11) | CM66: Razrez: | CT66: =IF($AA$65="","",$J$11/500) | CX66: =IF(CT66="","",CT66*11) | DY66: Razrez: | EF66: =IF($AA$65="","",$J$11/500) | EJ66: =IF(EF66="","",EF66*11) | FL66: Razrez: | FS66: =IF($AA$65="","",$J$11/500) | FW66: =IF(FS66="","",FS66*11) | GY66: Razrez: | HF66: =IF($AA$65="","",$J$11/500) | HJ66: =IF(HF66="","",HF66*11)
Q67: Pakiranje: | AA67: 1 | AB67: =IF(X67="","",X67*11) | BB67: Pakiranje: | BI67: =IF($AA$65="","",$J$11/500) | BM67: =IF(BI67="","",BI67*11) | CM67: Pakiranje: | CT67: =IF($AA$65="","",$J$11/500) | CX67: =IF(CT67="","",CT67*11) | DY67: Pakiranje: | EF67: =IF($AA$65="","",$J$11/500) | EJ67: =IF(EF67="","",EF67*11) | FL67: Pakiranje: | FS67: =IF($AA$65="","",$J$11/500) | FW67: =IF(FS67="","",FS67*11) | GY67: Pakiranje: | HF67: =IF($AA$65="","",$J$11/500) | HJ67: =IF(HF67="","",HF67*11)
Q68: Kom. V škatlo: | X68: 150 | AB68: =IF($X$68="","",($J$11/$X$68)*1.3) -> 41.6 | BB68: Kom. V škatlo: | BI68: =IF($X$68="","",$X$68) -> 150 | BM68: =IF($X$68="","",($Q$11/$X$68)*1.3) -> 0 | CM68: Kom. V škatlo: | CT68: =IF($X$68="","",$X$68) -> 150 | CX68: =IF($X$68="","",($X$11/$X$68)*1.3) -> 0 | DY68: Kom. V škatlo: | EF68: =IF($X$68="","",$X$68) -> 150 | EJ68: =IF($X$68="","",($J$15/$X$68)*1.3) -> 0 | FL68: Kom. V škatlo: | FS68: =IF($X$68="","",$X$68) -> 150 | FW68: =IF($X$68="","",($Q$15/$X$68)*1.3) -> 0 | GY68: Kom. V škatlo: | HF68: =IF($X$68="","",$X$68) -> 150 | HJ68: =IF($X$68="","",($X$15/$X$68)*1.3) -> 0
AA69: =SUM(AB61:AF68,AG27) -> 92.891429 | BH69: Vsota: | BL69: =SUM(BM61:BQ68,BR27) -> 0 | CS69: Vsota: | CW69: =SUM(CX61:DB68,DC27) -> 0 | EE69: Vsota: | EI69: =SUM(EJ61:EN68,EO27) -> 0 | FR69: Vsota: | FV69: =SUM(FW61:GA68,GB27) -> 0 | HE69: Vsota: | HI69: =SUM(HJ61:HN68,HO27) -> 0
A71: SPECIFIKACIJA | H71: =J11 -> 4800 | U71: SPECIFIKACIJA | AB71: =Q11 -> 0 | AO71: SPECIFIKACIJA | AV71: =X11 -> 0
A72: ZNESEK | H72: =J12 -> 1257.3314 | U72: ZNESEK | AB72: =Q12 | AO72: ZNESEK | AV72: =X12
A73: ITF | H73: =H43 -> 69 | N73: =H73/H72 -> 0.054878132 | U73: ITF | AB73: =AS43 -> 69 | AH73: =AB73/AB72 -> #VALUE! | AO73: ITF | AV73: =CD43 -> 69 | BB73: =AV73/AV72 -> #VALUE!
A74: TISK | H74: =J62 -> 536 | N74: =H74/H72 -> 0.42629969 | U74: TISK | AB74: =AT62 -> 167.5 | AH74: =AB74/AB72 -> #VALUE! | AO74: TISK | AV74: =CE62 -> 167.5 | BB74: =AV74/AV72 -> #VALUE!
A75: DODELAVA | H75: =AA69 -> 92.891429 | N75: =H75/H72 -> 0.073879827 | U75: DODELAVA | AB75: =BL69 -> 0 | AH75: =AB75/AB72 -> #VALUE! | AO75: DODELAVA | AV75: =CW69 -> 0 | BB75: =AV75/AV72 -> #VALUE!
A76: MATERIAL | H76: =T37+U28 -> 559.44 | N76: =H76/H72 -> 0.44494235 | U76: MATERIAL | AB76: =BE37+BF28 -> 0 | AH76: =AB76/AB72 -> #VALUE! | AO76: MATERIAL | AV76: =SUM(CP37,CQ28) -> 0 | BB76: =AV76/AV72 -> #VALUE!
A77: OSTALI STROŠKI | N77: =H77/H72 -> 0 | U77: OSTALI STROŠKI | AH77: =AB77/AB72 -> #VALUE! | AO77: OSTALI STROŠKI | BB77: =AV77/AV72 -> #VALUE!
G79: +5% | J79: =J12*1.05 -> 1320.198 | AA79: +5% | AD79: =Q12*1.05 -> #VALUE! | AU79: +5% | AX79: =X12*1.05 -> #VALUE!
G80: +10% | J80: =J12*1.1 -> 1383.0646 | AA80: +10% | AD80: =Q12*1.1 -> #VALUE! | AU80: +10% | AX80: =X12*1.1 -> #VALUE!
A82: SPECIFIKACIJA | H82: =IF(J15="","",J15) | U82: SPECIFIKACIJA | AB82: =IF(Q15="","",Q15) | AO82: SPECIFIKACIJA | AV82: =IF(X15="","",X15)
A83: ZNESEK | H83: =IF(J16="","",J16) | U83: ZNESEK | AB83: =IF(Q16="","",Q16) | AO83: ZNESEK | AV83: =IF(X16="","",X16)
A84: ITF | H84: =IF(H82="","",DP43) | N84: =H84/H83 -> #VALUE! | U84: ITF | AB84: =IF(AB82="","",FC43) | AH84: =AB84/AB83 -> #VALUE! | AO84: ITF | AV84: =IF(AV82="","",GP43) | BB84: =AV84/AV83 -> #VALUE!
A85: TISK | H85: =IF(H82="","",DQ62) | N85: =H85/H83 -> #VALUE! | U85: TISK | AB85: =IF(AB82="","",FD62) | AH85: =AB85/AB83 -> #VALUE! | AO85: TISK | AV85: =IF(AV82="","",GQ62) | BB85: =AV85/AV83 -> #VALUE!
A86: DODELAVA | H86: =IF(H82="","",EI69) | N86: =H86/H83 -> #VALUE! | U86: DODELAVA | AB86: =IF(AB82="","",FV69) | AH86: =AB86/AB83 -> #VALUE! | AO86: DODELAVA | AV86: =IF(AV82="","",HI69) | BB86: =AV86/AV83 -> #VALUE!
A87: MATERIAL | H87: =IF(H82="","",EB37+EC28) | N87: =H87/H83 -> #VALUE! | U87: MATERIAL | AB87: =IF(AB82="","",FO37+FP28) | AH87: =AB87/AB83 -> #VALUE! | AO87: MATERIAL | AV87: =IF(AV82="","",HC28+HB37) | BB87: =AV87/AV83 -> #VALUE!
A88: OSTALI STROŠKI | N88: =H88/H83 -> #VALUE! | U88: OSTALI STROŠKI | AH88: =AB88/AB83 -> #VALUE! | AO88: OSTALI STROŠKI | BB88: =AV88/AV83 -> #VALUE!
G90: +5% | J90: =H83*1.05 -> #VALUE! | AA90: +5% | AD90: =AB83*1.05 -> #VALUE! | AU90: +5% | AX90: =AV83*1.05 -> #VALUE!
G91: +10% | J91: =H83*1.1 -> #VALUE! | AA91: +10% | AD91: =AB83*1.1 -> #VALUE! | AU91: +10% | AX91: =AV83*1.1 -> #VALUE!

Sheet LETAKI DOPISI
A1: PONUDBA ZA LETAKE / DOPISE | CS1: IZ B1 = TP | CX1: 700x500 | DD1: 2
CS2: IZ B1 = TP | CX2: 700x330 | DD2: 3
A3: NAROČNIK: | AV3: KOMERCIALIST: | BE3: Rok Kadilnik | CS3: IZ B1 = TP | CX3: 500x350 | DD3: 4
A4: PONUDBA ZA: | CS4: IZ B1 = TP | CX4: 350x250 | DD4: 8
A5: FAZE DELA:
CS6: DOPISI - LETAKI A/B | DE6: 1
A7: TISK: | CS7: DOPISI - LETAKI A/Obr.:
A8: DODELAVA: | AV8: Papir: | AZ8: Iz B1 pole: | BH8: x | BI8: Format TP: | BN8: =IF(BF8="","",IF(BF8=2,$CX$1,IF(BF8=3,$CX$2,IF(BF8=4,$CX$3,IF(BF8=8,$CX$4))))) | CS8: DOPISI - LETAKI A/0
AV9: Karton: | AZ9: Iz B1 pole: | BF9: 2 | BH9: x | BI9: Format TP: | BN9: =IF(BF9="","",IF(BF9=2,$CX$1,IF(BF9=3,$CX$2,IF(BF9=4,$CX$3,IF(BF9=8,$CX$4))))) -> 700x500
A10: Št. TP: | H10: Papir: | L10: =IF($BF$8="","",J12/$AZ$12) | S10: =IF($BF$8="","",Q12/$AZ$12) | Z10: =IF($BF$8="","",X12/$AZ$12) | AG10: =IF($BF$8="","",AE12/$AZ$12) | AN10: =IF($BF$8="","",AL12/$AZ$12)
H11: Karton: | L11: =IF($BF$9="",0,ROUNDUP((J12/$AZ$13)/$BF$9,)*1) -> 125 | S11: =IF($BF$9="",0,ROUNDUP((Q12/$AZ$13)/$BF$9,)*1) -> 625 | Z11: =IF($BF$9="",0,ROUNDUP((X12/$AZ$13)/$BF$9,)*1) -> 1250 | AG11: =IF($BF$9="",0,ROUNDUP((AE12/$AZ$13)/$BF$9,)*1) -> 2500 | AN11: =IF($BF$9="",0,ROUNDUP((AL12/$AZ$13)/$BF$9,)*1) -> 6250
A12: NAKLADA: | J12: 1000 | Q12: 5000 | X12: 10000 | AE12: 20000 | AL12: 50000 | AV12: Na TP: | BC12: Na B1: | BG12: =IF(AZ12="","",AZ12*BF8)
A13: CENA: | J13: =IF(J12="","",IF(BC24=J12,BL86)) -> FALSE | Q13: =IF(Q12="","",IF(BL24=Q12,BU86)) -> FALSE | X13: =IF(X12="","",IF(BU24=X12,CD86)) -> FALSE | AE13: =IF(AE12="","",IF(CD24=AE12,CM86)) -> FALSE | AL13: =IF(AL12="","",IF(CM24=AL12,CV86)) -> FALSE | AV13: Na TP: | AZ13: 4 | BC13: Na B1: | BG13: =IF(AZ13="","",AZ13*BF9) -> 8
A14: CENA ZA KOS: | J14: =IF(J13="","",IF(#REF!=J13,BL87)) -> #REF! | Q14: =IF(Q13="","",IF(BL25=Q13,BU87)) -> 0 | X14: =IF(X13="","",IF(BU25=X13,CD87)) -> 0 | AE14: =IF(AE13="","",IF(CD25=AE13,CM87)) -> 0 | AL14: =IF(AL13="","",IF(CM25=AL13,CV87)) -> 0
A17: MATERIAL : | AE17: RAZREZ Papirja:
A18: Papir: | E18: Offset 90g BB | V18: =IF(Q18="","",$Q$18*$L$10/$BF$8) | AE18: Papir: | AJ18: =IF(BF8="","",((L10/BF8)*17)/3500)
A19: Karton: | E19: Burgo gloss 250g SB | Q19: 0.21 | V19: =IF(Q19="","",$Q$19*$L$11/$BF$9) -> 13.125 | AE19: Karton: | AJ19: =IF(BF9="","",((L11/BF9)*17)/2500) -> 0.425
A20: Folija:
A21: UV:
Q23: VSOTA: | V23: =SUM(V18:Z21) -> 13.125 | AE23: VSOTA: | AJ23: =SUM(AJ18:AM19) -> 0.425
A26: IZDELAVA TISKOVNE FORME:
A27: Plošče: | E27: 4 | I27: =IF(E27="","",$E$27*6) -> 24
A28: Repro: | E28: =IF(E27="","",1) -> 1 | I28: =IF(E28="","",21) -> 21
C30: VSOTA: | H30: =IF(I27="","",I27+I28) -> 45
A32: TISK:
A33: H5
A34: Priprava: | E34: 1 | I34: =IF(E34="","",E34*67) -> 67
A35: Tisk: | E35: =IF(E34="","",IF(DE6=1,((L11+L10)*2)/4000,IF(DE7=1,((L11+L10)*2)/4000,IF(DE8=1,(L11+L10)/4000)))) -> #VALUE! | I35: =IF(E35="","",E35*67) -> #VALUE!
A37: DISPERZIJSKI LAK | K37: 1
A38: Priprava: | E38: =IF(K37="","",0.5) -> 0.5 | I38: =IF(E38="","",E38*60) -> 30
A39: Tisk: | E39: =IF(K37="","",IF(K37=1,L10+L11,IF(K37=2,L11+L10*2))) -> #VALUE! | I39: =IF(E39="","",E39*0.1) -> #VALUE!
A41: PM
A42: Priprava:
A43: Tisk:

Sheet CENA MATERIALA
E1: IZRAČUN CENE MATERALA
A3: DIMENZIJA POLE | E3: gramatura | F3: površina | G3: tona/1000 kg | H3: cena pole+5% | I3: število pol v toni | J3: ŽELJENA KOLIČINA POL | K3: CENA ZA KOLIČINO | L3: TEŽA SKUPAJ - TON
A4: 1020 | B4: x | C4: 710 | E4: 90 | F4: =IF(A4="","",(A4*C4)/1000000) -> 0.7242 | G4: 1500 | H4: =IF(E4="","", ((E4*F4*G4)/1000000)*1.05) -> 0.10265535 | I4: =IF(E4="","",1000000/(E4*F4)) -> 15342.6 | K4: =IF(H4="","",H4*J4) -> 0 | L4: =IF(J4="","",J4/I4)

Sheet PONUDBA (2)
E1: KALKULACIJA št.: | H1: 1
P2: Datum: | R2: =NOW() -> 45614.789
A3: NAROČNIK: | L3: KOMERCIALIST: | Q3: Tilen Petrič
A4: PONUDBA ZA:
A7: FAZE DELA: | E7: TISK: | F7: Zloženke 230467N Glyphomax 8 strani 4/1
E8: DODELAVA: | F8: razrez+izsek+zgibanje
E12: IZ B1 POLE: | H12: 4 | J12: Format TP: | M12: 500 | N12: x | O12: 350 | Q12: NA TISK. POLI: | U12: 2
A14: NAKLADA: | G14: 4550 | I14: 8000 | M14: 8000
A15: CENA: | G15: =IF(H35="","",IF(H35=G14,R86)) -> 339.47528 | I15: =IF(I14="","",AP86) -> 478.54673 | M15: =IF(M14="","",BK86) -> 478.54673 | R15: Cena materiala/TONA | Z15: ='CENA MATERIALA'!G5 -> 0 | AB15: ='CENA MATERIALA'!G4 -> 1500
A16: CENA ZA KOS: | G16: =IF(G15="","",G15/G14) -> 0.074609952 | I16: =IF(I15="","",I15/I14) -> 0.059818341 | M16: =IF(M15="","",M15/M14) -> 0.059818341
A17: CENA / 1.000: | G17: =IF(G14="","",G16*1000) -> 74.609952 | I17: =IF(I14="","",I16*1000) -> 59.818341 | M17: =IF(M14="","",M16*1000) -> 59.818341 | R17: Cena materiala/POLA | AB17: ='CENA MATERIALA'!H4 -> 0.10265535
E18: Št.TISK. POL: | G18: =IF(H12="","",(ROUNDUP(G14/U12,0))) -> 2275 | J18: =IF(H12="","",ROUNDUP(I14/U12,0)) -> 4000 | M18: =M14/U12 -> 4000
E19: DODATEK | G19: 225 | J19: 300 | M19: 300
E20: Št. TISK.POL | G20: =IF(G18="","",G18+G19) -> 2500 | J20: =IF(J18="","",J18+J19) -> 4300 | M20: =IF(M18="","",M18+M19) -> 4300
E21: POL / RAZREZ: | G21: =IF($H$12="","",(ROUNDUP(G20/$H$12,0))) -> 625 | J21: =IF($H$12="","",(ROUNDUP(J20/$H$12,0))) -> 1075 | M21: =IF($H$12="","",(ROUNDUP(M20/$H$12,0))) -> 1075
A24: NAKLADA: | G24: 1000 | I24: 1000 | M24: 1000 | P24: ORODJE | R24: =IF(O52="","",IF(O52>0,200)) | S24: =IF(O46="","",IF(O46=1,"",IF(O46=2,"",IF(O46=3,"",IF(O46=4,"",IF(O46=5,200))))))
A25: CENA: | G25: =IF(G24="","",CG86) -> 215.82713 | I25: =IF(I24="","",DC86) -> 215.82713 | M25: =IF(M24="","",DY86) -> 215.82713
A26: CENA ZA KOS: | G26: =IF(G25="","",G25/G24) -> 0.21582713 | I26: =IF(I25="","",I25/I24) -> 0.21582713 | M26: =IF(M25="","",M25/M24) -> 0.21582713
A27: CENA / 1.000: | G27: =IF(G24="","",G26*1000) -> 215.82713 | I27: =IF(I24="","",I26*1000) -> 215.82713 | M27: =IF(M24="","",M26*1000) -> 215.82713
E29: Št.TISK. POL: | G29: =G24/U12 -> 500 | J29: =I24/U12 -> 500 | M29: =M24/U12 -> 500 | P29: KLIŠE | R29: =IF(P29="","",KLIŠE!H11)
E30: Z DODATKOM: | G30: 300 | J30: 300 | M30: 300
E31: Št. TISK.POL | G31: =IF(G29="","",G29+G30) -> 800 | J31: =IF(J29="","",J29+J30) -> 800 | M31: =IF(M29="","",M29+M30) -> 800 | P31: =IF(B37="","",B37)
E32: POL / RAZREZ: | G32: =IF($H$12="","",(ROUNDUP(G31/$H$12,0))) -> 200 | J32: =IF($H$12="","",(ROUNDUP(J31/$H$12,0))) -> 200 | M32: =IF($H$12="","",(ROUNDUP(M31/$H$12,0))) -> 200 | P32: =IF(B40="","",B40)
A35: MATERIAL: | H35: =IF(G14="","",G14) -> 4550 | K35: RAZREZ PAPIRJA: | Z35: MATERIAL: | AG35: =IF(I14="","",I14) -> 8000 | AJ35: RAZREZ PAPIRJA: | AU35: MATERIAL: | BB35: =IF(M14="","",M14) -> 8000 | BE35: RAZREZ PAPIRJA: | BP35: MATERIAL: | BW35: =IF(G24="","",G24) -> 1000 | BZ35: RAZREZ PAPIRJA: | CL35: MATERIAL: | CS35: =IF(I24="","",I24) -> 1000 | CV35: RAZREZ PAPIRJA: | DH35: MATERIAL: | DO35: =IF(M24="","",M24) -> 1000 | DR35: RAZREZ PAPIRJA:
B36: Papir: | L36: Razrez 1: | O36: 1 | P36: =IF(O36="","",IF(($H$35/($H$12)/2500)<=0.5,0.25,IF(($H$35/($H$12)/2500)>0.25,($H$35/($H$12)/2500)))) -> 0.25 | R36: =IF(P36="","",(P36*17)) -> 4.25 | AA36: Papir: | AK36: Razrez 1: | AM36: =IF($O$36="","",$O$36) -> 1 | AN36: =IF(AM36="","",IF(($AG$35/($H$12)/2500)<=0.5,0.5,IF(($AG$35/($H$12)/2500)>0.25,($AG$35/($H$12)/2500)))) -> 0.8 | AP36: =IF(AN36="","",(AN36*17)) -> 13.6 | AV36: Papir: | BF36: Razrez 1: | BH36: =IF($O$36="","",$O$36) -> 1 | BI36: =IF(BH36="","",IF(($BB$35/($H$12)/2500)<=0.25,0.5,IF(($BB$35/($H$12)/2500)>0.5,($BB$35/($H$12)/2500)))) -> 0.8 | BK36: =IF(BI36="","",(BI36*17)) -> 13.6 | BQ36: Papir: | CA36: Razrez 1: | CD36: =BH36 -> 1 | CE36: =IF(CD36="","",IF(($BW$35/($H$12)/2500)<=0.5,0.5,IF(($BW$35/($H$12)/2500)>0.25,($BW$35/($H$12)/2500)))) -> 0.5 | CG36: =IF(CE36="","",(CE36*17)) -> 8.5 | CM36: Papir: | CW36: Razrez 1: | CZ36: =CD36 -> 1 | DA36: =IF(CZ36="","",IF(($CS$35/($H$12)/2500)<=0.5,0.5,IF(($CS$35/($H$12)/2500)>0.25,($CS$35/($H$12)/2500)))) -> 0.5 | DC36: =IF(DA36="","",(DA36*17)) -> 8.5 | DI36: Papir: | DS36: Razrez 1: | DV36: =CZ36 -> 1 | DW36: =IF(DV36="","",IF(($DO$35/($H$12)/2500)<=0.5,0.5,IF(($DO$35/($H$12)/2500)>0.25,($DO$35/($H$12)/2500)))) -> 0.5 | DY36: =IF(DW36="","",(DW36*17)) -> 8.5
G37: =$AB$17 -> 0.10265535 | H37: =IF(G37="","",IF($G$37>0,(($G$18+50)/($H$12/$U$12)*$G$37))*1.03) -> 122.91695 | L37: Razrez 2: | P37: =IF(O37="","",IF(($H$35/($H$12)/2500)<=0.25,0.5,IF(($H$35/($H$12)/2500)>0.25,($H$35/($H$12)/2500)))) | R37: =IF(P37="","",(P37*17)) | AA37: =IF(B37="","",B37) | AF37: =$AB$17 -> 0.10265535 | AG37: =IF(AF37="","",IF($G$37>0,(($J$18+50)/($H$12/$U$12)*$G$37))*1.03) -> 214.1134 | AK37: Razrez 2: | AM37: =IF($O$37="","",$O$37) | AN37: =IF(AM37="","",IF(($AG$35/($H$12)/2500)<=0.5,0.5,IF(($AG$35/($H$12)/2500)>0.25,($AG$35/($H$12)/2500)))) | AP37: =IF(AN37="","",(AN37*17)) | AV37: =IF(B37="","",B37) | BA37: =$AB$17 -> 0.10265535 | BB37: =IF(BA37="","",IF($G$37>0,(($M$18+50)/($H$12/$U$12)*$G$37))*1.03) -> 214.1134 | BF37: Razrez 2: | BH37: =IF($O$37="","",$O$37) | BI37: =IF(BH37="","",IF(($BB$35/($H$12)/2500)<=0.5,0.5,IF(($BB$35/($H$12)/2500)>0.25,($BB$35/($H$12)/2500)))) | BK37: =IF(BI37="","",(BI37*17)) | BQ37: =AV37 | BV37: =$AB$17 -> 0.10265535 | BW37: =IF(BV37="","",IF($G$37>0,(($G$29+50)/($H$12/$U$12)*$G$37))*1.03) -> 29.077128 | CA37: Razrez 2: | CD37: =BH37 | CE37: =IF(CD37="","",IF(($BW$35/($H$12)/2500)<=0.5,0.5,IF(($BW$35/($H$12)/2500)>0.25,($BW$35/($H$12)/2500)))) | CG37: =IF(CE37="","",(CE37*17)) | CM37: =BQ37 | CR37: =$AB$17 -> 0.10265535 | CS37: =IF(CR37="","",IF($G$37>0,(($J$29+50)/($H$12/$U$12)*$G$37))*1.03) -> 29.077128 | CW37: Razrez 2: | CZ37: =CD37 | DA37: =IF(CZ37="","",IF(($CS$35/($H$12)/2500)<=0.5,0.5,IF(($CS$35/($H$12)/2500)>0.25,($CS$35/($H$12)/2500)))) | DC37: =IF(DA37="","",(DA37*17)) | DI37: =CM37 | DN37: =$AB$17 -> 0.10265535 | DO37: =IF(DN37="","",IF($G$37>0,(($M$29+50)/($H$12/$U$12)*$G$37))*1.03) -> 29.077128 | DS37: Razrez 2: | DV37: =CZ37 | DW37: =IF(DV37="","",IF(($DO$35/($H$12)/2500)<=0.5,0.5,IF(($DO$35/($H$12)/2500)>0.25,($DO$35/($H$12)/2500)))) | DY37: =IF(DW37="","",(DW37*17))
L38: Razrez 3: | P38: =IF(O38="","",IF(($H$35/($H$12)/2000)<=0.5,0.5,IF(($H$35/($H$12)/2000)>0.25,($H$35/($H$12)/2000)))) | R38: =IF(P38="","",(P38*17)) | AK38: Razrez 3: | AM38: =IF($O$38="","",$O$38) | AN38: =IF(AM38="","",IF(($AG$35/($H$12)/2000)<=0.25,0.5,IF(($AG$35/($H$12)/2000)>0.25,($AG$35/($H$12)/2000)))) | AP38: =IF(AN38="","",(AN38*17)) | BF38: Razrez 3: | BH38: =IF($O$38="","",$O$38) | BI38: =IF(BH38="","",IF(($BB$35/($H$12)/2000)<=0.5,0.5,IF(($BB$35/($H$12)/2000)>0.25,($BB$35/($H$12)/2000)))) | BK38: =IF(BI38="","",(BI38*17)) | CA38: Razrez 3: | CD38: =BH38 | CE38: =IF(CD38="","",IF(($BW$35/($H$12)/2000)<=0.5,0.5,IF(($BW$35/($H$12)/2000)>0.25,($BW$35/($H$12)/2000)))) | CG38: =IF(CE38="","",(CE38*17)) | CW38: Razrez 3: | CZ38: =CD38 | DA38: =IF(CZ38="","",IF(($CS$35/($H$12)/2000)<=0.5,0.5,IF(($CS$35/($H$12)/2000)>0.25,($CS35/($H$12)/2000)))) | DC38: =IF(DA38="","",(DA38*17)) | DS38: Razrez 3: | DV38: =CZ38 | DW38: =IF(DV38="","",IF(($DO$35/($H$12)/2000)<=0.5,0.5,IF(($DO$35/($H$12)/2000)>0.25,($DO$35/($H$12)/2000)))) | DY38: =IF(DW38="","",(DW38*17))
B39: Karton: | AA39: Karton: | AV39: Karton: | BQ39: Karton: | CM39: Karton: | DI39: Karton:
H40: =IF(G40="","",IF($G$40>0,(($G$18+50)/($H$12/$U$12)*$G$40))*1.03) | L40: VSOTA: | S40: =SUM(R38,R37,R36) -> 4.25 | AA40: =IF(B40="","",B40) | AF40: =IF(G40="","",G40) | AG40: =IF(AF40="","",IF($G$40>0,(($J$18+50)/($H$12/$U$12)*$G$40))*1.03) | AK40: VSOTA: | AQ40: =SUM(AP38,AP37,AP36) -> 13.6 | AV40: =IF(B40="","",B40) | BA40: =IF($G$40="","",$G$40) | BB40: =IF(BA40="","",IF($G$40>0,(($M$18+50)/($H$12/$U$12)*$G$40))*1.03) | BF40: VSOTA: | BL40: =SUM(BK38,BK37,BK36) -> 13.6 | BQ40: =AV40 | BV40: =IF($G$40="","",$G$40) | BW40: =IF(BV40="","",IF($G$40>0,(($G$29+50)/($H$12/$U$12)*$G$40))*1.03) | CA40: VSOTA: | CH40: =SUM(CG38,CG37,CG36) -> 8.5 | CM40: =BQ40 | CR40: =IF($G$40="","",$G$40) | CS40: =IF(CR40="","",IF($G$40>0,(($J$29+50)/($H$12/$U$12)*$G$40))*1.03) | CW40: VSOTA: | DD40: =SUM(DC38,DC37,DC36) -> 8.5 | DI40: =CM40 | DN40: =IF($G$40="","",$G$40) | DO40: =IF(DN40="","",IF($G$40>0,(($M$29+50)/($H$12/$U$12)*$G$40))*1.03) | DS40: VSOTA: | DZ40: =SUM(DY38,DY37,DY36) -> 8.5
B42: VSOTA: | H42: =SUM(H37:H40) -> 122.91695 | AA42: VSOTA: | AG42: =SUM(AG37:AG40) -> 214.1134 | AV42: VSOTA: | BB42: =SUM(BB37:BB40) -> 214.1134 | BQ42: VSOTA: | BW42: =SUM(BW37:BW40) -> 29.077128 | CM42: VSOTA: | CS42: =SUM(CS37:CS40) -> 29.077128 | DI42: VSOTA: | DO42: =SUM(DO37:DO40) -> 29.077128
A45: IZDELAVA TISKOVNE FORME: | K45: TISK / IZSEK / LEPLJENJE | Z45: IZDELAVA TISKOVNE FORME: | AJ45: TISK / IZSEK / LEPLJENJE | AU45: IZDELAVA TISKOVNE FORME: | BE45: TISK / IZSEK / LEPLJENJE | BP45: IZDELAVA TISKOVNE FORME: | BZ45: TISK / IZSEK / LEPLJENJE | CL45: IZDELAVA TISKOVNE FORME: | CV45: TISK / IZSEK / LEPLJENJE | DH45: IZDELAVA TISKOVNE FORME: | DR45: TISK / IZSEK / LEPLJENJE
A46: I T F | B46: Montaža - kopija: | F46: 1 | H46: =IF(F46="","",(F46*17)) -> 17 | K46: D O D E L A V A | L46: CILINDER | S46: FOLIJA | Z46: I T F | AA46: Montaža - kopija: | AE46: =IF(F46="","",F46) -> 1 | AG46: =IF(AE46="","",(AE46*17)) -> 17 | AJ46: D O D E L A V A | AK46: CILINDER | AM46: =IF(O46="","",O46) | AQ46: FOLIJA | AU46: I T F | AV46: Montaža - kopija: | AZ46: =AE46 -> 1 | BB46: =IF(AZ46="","",(AZ46*17)) -> 17 | BE46: D O D E L A V A | BF46: CILINDER | BH46: =IF(O46="","",O46) | BL46: FOLIJA | BP46: I T F | BQ46: Montaža - kopija: | BU46: =AZ46 -> 1 | BW46: =IF(BU46="","",(BU46*17)) -> 17 | BZ46: D O D E L A V A | CA46: CILINDER | CD46: =BH46 | CH46: FOLIJA | CL46: I T F | CM46: Montaža - kopija: | CQ46: =BU46 -> 1 | CS46: =IF(CQ46="","",(CQ46*17)) -> 17 | CV46: D O D E L A V A | CW46: CILINDER | CZ46: =CD46 | DD46: FOLIJA | DH46: I T F | DI46: Montaža - kopija: | DM46: =CQ46 -> 1 | DO46: =IF(DM46="","",(DM46*17)) -> 17 | DR46: D O D E L A V A | DS46: CILINDER | DV46: =CZ46 | DZ46: FOLIJA
B47: Plošče: | F47: 5 | H47: =IF(F47="","",F47*8) -> 40 | L47: Priprava: | O47: =IF(O46="","",IF(O46=1,0.5,IF(O46=2,1,IF(O46=3,2,IF(O46=4,0.5,IF(O46=5,1)))))) | Q47: =IF(O47="","",O47*17) | AA47: Plošče: | AE47: =IF(F47="","",F47) -> 5 | AG47: =IF(AE47="","",AE47*8) -> 40 | AK47: Priprava: | AM47: =IF(AM46="","",IF(AM46=1,0.5,IF(AM46=2,1,IF(AM46=3,2,IF(AM46=4,0.5,IF(AM46=5,1)))))) | AO47: =IF(AM47="","",AM47*17) | AV47: Plošče: | AZ47: =IF(AE47="","",AE47) -> 5 | BB47: =IF(AZ47="","",AZ47*8) -> 40 | BF47: Priprava: | BH47: =IF(BH46="","",IF(BH46=1,0.5,IF(BH46=2,1,IF(BH46=3,2,IF(BH46=4,0.5,IF(BH46=5,1)))))) | BJ47: =IF(BH47="","",BH47*17) | BQ47: Plošče: | BU47: =AZ47 -> 5 | BW47: =IF(BU47="","",BU47*8) -> 40 | CA47: Priprava: | CD47: =IF(CD46="","",IF(CD46=1,0.5,IF(CD46=2,1,IF(CD46=3,2,IF(CD46=4,0.5,IF(CD46=5,1)))))) | CF47: =IF(CD47="","",CD47*17) | CM47: Plošče: | CQ47: =BU47 -> 5 | CS47: =IF(CQ47="","",CQ47*8) -> 40 | CW47: Priprava: | CZ47: =IF(CZ46="","",IF(CZ46=1,0.5,IF(CZ46=2,1,IF(CZ46=3,2,IF(CZ46=4,0.5,IF(CZ46=5,1)))))) | DB47: =IF(CZ47="","",CZ47*17) | DI47: Plošče: | DM47: =CQ47 -> 5 | DO47: =IF(DM47="","",DM47*8) -> 40 | DS47: Priprava: | DV47: =IF(DV46="","",IF(DV46=1,0.5,IF(DV46=2,1,IF(DV46=3,2,IF(DV46=4,0.5,IF(DV46=5,1)))))) | DX47: =IF(DV47="","",DV47*17)
B48: PC Repro: | F48: 1 | H48: =IF(F48="","",F48*21) -> 21 | L48: Tisk Ž/P: | O48: =IF(O46="","",IF(O46=1,(H35/$U$12)/1000,IF(O46=2,"",IF(O46=3,"",IF(O46=4,(H35/$U$12)/1000*2,IF(O46=5,"")))))) | Q48: =IF(O48="","",O48*17) | AA48: PC Repro: | AE48: =IF($F$48="","",$F$48) -> 1 | AG48: =IF(AE48="","",AE48*21) -> 21 | AK48: Tisk Ž/P: | AM48: =IF(AM46="","",IF(AM46=1,(AG35/$U$12)/1000,IF(AM46=2,"",IF(AM46=3,"",IF(AM46=4,(AG35/$U$12)/1000*2,IF(AM46=5,"")))))) | AO48: =IF(AM48="","",AM48*17) | AV48: PC Repro: | AZ48: =IF($F$48="","",$F$48) -> 1 | BB48: =IF(AZ48="","",AZ48*21) -> 21 | BF48: Tisk Ž/P: | BH48: =IF(BH46="","",IF(BH46=1,(BB35/$U$12)/1000,IF(BH46=2,"",IF(BH46=3,"",IF(BH46=4,(BB35/$U$12)/1000*2,IF(BH46=5,"")))))) | BJ48: =IF(BH48="","",BH48*17) | BQ48: PC Repro: | BU48: =IF($F$48="","",$F$48) -> 1 | BW48: =IF(BU48="","",BU48*21) -> 21 | CA48: Tisk Ž/P: | CD48: =IF(CD46="","",IF(CD46=1,(BW35/$U$12)/1000,IF(CD46=2,"",IF(CD46=3,"",IF(CD46=4,(BW35/$U$12)/1000*2,IF(CD46=5,"")))))) | CF48: =IF(CD48="","",CD48*17) | CM48: PC Repro: | CQ48: =IF($F$48="","",$F$48) -> 1 | CS48: =IF(CQ48="","",CQ48*21) -> 21 | CW48: Tisk Ž/P: | CZ48: =IF(CZ46="","",IF(CZ46=1,(CS35/$U$12)/1000,IF(CZ46=2,"",IF(CZ46=3,"",IF(CZ46=4,(CS35/$U$12)/1000*2,IF(CZ46=5,"")))))) | DB48: =IF(CZ48="","",CZ48*17) | DI48: PC Repro: | DM48: =IF($F$48="","",$F$48) -> 1 | DO48: =IF(DM48="","",DM48*21) -> 21 | DS48: Tisk Ž/P: | DV48: =IF(DV46="","",IF(DV46=1,(DO35/$U$12)/1000,IF(DV46=2,"",IF(DV46=3,"",IF(DV46=4,(DO35/$U$12)/1000*2,IF(DV46=5,"")))))) | DX48: =IF(DV48="","",DV48*17)
L49: Tisk folija: | O49: =IF(O46="","",IF(O46=1,"",IF(O46=2,((H35/$U$12)/1000),IF(O46=3,((H35/$U$12)/1000)*2,IF(O46=4,"",IF(O46=5,"")))))) | Q49: =IF(O49="","",O49*17) | S49: =IF(KLIŠE!O5="","",KLIŠE!O5) | AK49: Tisk folija: | AM49: =IF(AM46="","",IF(AM46=1,"",IF(AM46=2,((AG35/$U$12)/1000),IF(AM46=3,((AG35/$U$12)/1000)*2,IF(AM46=4,"",IF(AM46=5,"")))))) | AO49: =IF(AM49="","",AM49*17) | AQ49: =IF($S$49="","",$S$49/$G$14*I14) | BF49: Tisk folija: | BH49: =IF(BH46="","",IF(BH46=1,"",IF(BH46=2,((BB35/$U$12)/1000),IF(BH46=3,((BB35/$U$12)/1000)*2,IF(BH46=4,"",IF(BH46=5,"")))))) | BJ49: =IF(BH49="","",BH49*17) | BL49: =IF($S$49="","",$S$49/$G$14*M14) | CA49: Tisk folija: | CD49: =IF(CD46="","",IF(CD46=1,"",IF(CD46=2,((BW35/$U$12)/1000),IF(CD46=3,((BW35/$U$12)/1000)*2,IF(CD46=4,"",IF(CD46=5,"")))))) | CF49: =IF(CD49="","",CD49*17) | CH49: =IF($S$49="","",$S$49/$G$14*G24) | CW49: Tisk folija: | CZ49: =IF(CZ46="","",IF(CZ46=1,"",IF(CZ46=2,((CS35/$U$12)/1000),IF(CZ46=3,((CS35/$U$12)/1000)*2,IF(CZ46=4,"",IF(CZ46=5,"")))))) | DB49: =IF(CZ49="","",CZ49*17) | DD49: =IF($S$49="","",$S$49/$G$14*I24) | DS49: Tisk folija: | DV49: =IF(DV46="","",IF(DV46=1,"",IF(DV46=2,((DO35/$U$12)/1000),IF(DV46=3,((DO35/$U$12)/1000)*2,IF(DV46=4,"",IF(DV46=5,"")))))) | DX49: =IF(DV49="","",DV49*17) | DZ49: =IF($S$49="","",$S$49/$G$14*M24)
B50: VSOTA: | H50: =SUM(H47:I49) -> 61 | L50: Izsek: | O50: =IF(O46="","",IF(O46=1,"",IF(O46=2,"",IF(O46=3,"",IF(O46=4,"",IF(O46=5,G18/1000)))))) | Q50: =IF(O50="","",O50*17) | AA50: VSOTA: | AG50: =SUM(AG47:AH49) -> 61 | AM50: =IF(AM46="","",IF(AM46=1,"",IF(AM46=2,"",IF(AM46=3,"",IF(AM46=4,"",IF(AM46=5,J18/1000)))))) | AO50: =IF(AM50="","",AM50*17) | AV50: VSOTA: | BB50: =SUM(BB47:BC49) -> 61 | BH50: =IF(BH46="","",IF(BH46=1,"",IF(BH46=2,"",IF(BH46=3,"",IF(BH46=4,"",IF(BH46=5,M18/1000)))))) | BJ50: =IF(BH50="","",BH50*17) | BQ50: VSOTA: | BW50: =SUM(BW47:BX49) -> 61 | CA50: Izsek: | CD50: =IF(CD46="","",IF(CD46=1,"",IF(CD46=2,"",IF(CD46=3,"",IF(CD46=4,"",IF(CD46=5,G29/1000)))))) | CF50: =IF(CD50="","",CD50*17) | CM50: VSOTA: | CS50: =SUM(CS47:CT49) -> 61 | CW50: Izsek: | CZ50: =IF(CZ46="","",IF(CZ46=1,"",IF(CZ46=2,"",IF(CZ46=3,"",IF(CZ46=4,"",IF(CZ46=5,J29/1000)))))) | DB50: =IF(CZ50="","",CZ50*17) | DI50: VSOTA: | DO50: =SUM(DO47:DP49) -> 61 | DS50: Izsek: | DV50: =IF(DV46="","",IF(DV46=1,"",IF(DV46=2,"",IF(DV46=3,"",IF(DV46=4,"",IF(DV46=5,M29/1000)))))) | DX50: =IF(DV50="","",DV50*17)
A52: TISK / STROJ: | Z52: TISK / STROJ: | AK52: BOBST | AM52: =IF(O52="","",O52) | AU52: TISK / STROJ: | BF52: BOBST | BH52: =IF(O52="","",O52) | BP52: TISK / STROJ: | CA52: BOBST | CD52: =BH52 | CL52: TISK / STROJ: | CW52: BOBST | CZ52: =CD52 | DH52: TISK / STROJ: | DS52: BOBST | DV52: =CZ52
A53: T I S K | L53: Priprava: | O53: =IF($O$52="","",IF($O$52=1,2,IF($O$52=2,3,IF($O$52=3,4,IF($O$52=4,1.5))))) | Q53: =IF(O53="","",O53*45) | Z53: T I S K | AK53: Priprava: | AM53: =IF($O$52="","",IF($O$52=1,2,IF($O$52=2,3,IF($O$52=3,4,IF($O$52=4,1.5))))) | AO53: =IF(AM53="","",AM53*45) | AU53: T I S K | BF53: Priprava: | BH53: =IF($O$52="","",IF($O$52=1,2,IF($O$52=2,3,IF($O$52=3,4,IF($O$52=4,1.5))))) | BJ53: =IF(BH53="","",BH53*45) | BP53: T I S K | CA53: Priprava: | CD53: =IF($O$52="","",IF($O$52=1,2,IF($O$52=2,3,IF($O$52=3,4,IF($O$52=4,1.5))))) | CF53: =IF(CD53="","",CD53*45) | CL53: T I S K | CW53: Priprava: | CZ53: =IF($O$52="","",IF($O$52=1,2,IF($O$52=2,3,IF($O$52=3,4,IF($O$52=4,1.5))))) | DB53: =IF(CZ53="","",CZ53*45) | DH53: T I S K | DS53: Priprava: | DV53: =IF($O$52="","",IF($O$52=1,2,IF($O$52=2,3,IF($O$52=3,4,IF($O$52=4,1.5))))) | DX53: =IF(DV53="","",DV53*45)
L54: Izsek: | O54: =IF(O52="","",IF(O52=1,H35/($U$12)/3500,IF(O52=2,H35/($U$12)/3500,IF(O52=3,H35/($U$12)/3500*2,IF(O52=4,H35/($U$12)/3500))))) | Q54: =IF(O54="","",O54*45) | AK54: Izsek: | AM54: =IF(AM52="","",IF(AM52=1,AG35/($U$12)/3500,IF(AM52=2,AG35/($U$12)/3500,IF(AM52=3,AG35/($U$12)/3500*2,IF(AM52=4,AG35/($U$12)/3500))))) | AO54: =IF(AM54="","",AM54*45) | BF54: Izsek: | BH54: =IF(BH52="","",IF(BH52=1,BB35/($U$12)/3500,IF(BH52=2,BB35/($U$12)/3500,IF(BH52=3,BB35/($U$12)/3500*2,IF(BH52=4,BB35/($U$12)/3500))))) | BJ54: =IF(BH54="","",BH54*45) | CA54: Izsek: | CD54: =IF(CD52="","",IF(CD52=1,BW35/($U$12)/3500,IF(CD52=2,BW35/($U$12)/3500,IF(CD52=3,BW35/($U$12)/3500*2,IF(CD52=4,BW35/($U$12)/3500))))) | CF54: =IF(CD54="","",CD54*45) | CW54: Izsek: | CZ54: =IF(CZ52="","",IF(CZ52=1,CS35/($U$12)/3500,IF(CZ52=2,CS35/($U$12)/3500,IF(CZ52=3,CS35/($U$12)/3500*2,IF(CZ52=4,CS35/($U$12)/3500))))) | DB54: =IF(CZ54="","",CZ54*45) | DS54: Izsek: | DV54: =IF(DV52="","",IF(DV52=1,DO35/($U$12)/3500,IF(DV52=2,DO35/($U$12)/3500,IF(DV52=3,DO35/($U$12)/3500*2,IF(DV52=4,DO35/($U$12)/3500))))) | DX54: =IF(DV54="","",DV54*45)
B55: S8 | D55: 2 | AA55: H5 | AC55: =IF(D55="","",D55) -> 2 | AV55: H5 | AX55: =IF(D55="","",D55) -> 2 | BQ55: H5 | BS55: =AX55 -> 2 | CM55: H5 | CO55: =BS55 -> 2 | DI55: H5 | DK55: =CO55 -> 2
B56: Priprava: | D56: 1.5 | F56: =IF(D56="","",D56*67) -> 100.5 | AA56: Priprava: | AC56: =IF(D56="","",D56) -> 1.5 | AE56: =IF(AC56="","",AC56*67) -> 100.5 | AK56: LUŠČENJE/PAKIRANJE | AV56: Priprava: | AX56: =IF(D56="","",D56) -> 1.5 | AZ56: =IF(AX56="","",AX56*67) -> 100.5 | BF56: LUŠČENJE/PAKIRANJE | BQ56: Priprava: | BS56: =AX56 -> 1.5 | BU56: =IF(BS56="","",BS56*67) -> 100.5 | CA56: LUŠČENJE/PAKIRANJE | CM56: Priprava: | CO56: =BS56 -> 1.5 | CQ56: =IF(CO56="","",CO56*67) -> 100.5 | CW56: LUŠČENJE/PAKIRANJE | DI56: Priprava: | DK56: =CO56 -> 1.5 | DM56: =IF(DK56="","",DK56*67) -> 100.5 | DS56: LUŠČENJE/PAKIRANJE
B57: Tisk: | D57: =IF(D55="","",IF(D55=1,(H35/$U$12)/6000,IF(D55=2,(H35/$U$12*2)/6000,IF(D55=3,(H35/$U$12*2)/6000,IF(D57<=0.25,0.25))))) -> 0.75833333 | F57: =IF(D57="","",IF(D57<=0.25,0.25*67,D57*67)) -> 50.808333 | AA57: Tisk: | AC57: =IF(AC55="","",IF(AC55=1,(AG35/$U$12)/6000,IF(AC55=2,(AG35/$U$12*2)/6000,IF(AC55=3,(AG35/$U$12*2)/6000,IF(AC57<=0.25,0.25))))) -> 1.3333333 | AE57: =IF(AC57="","",IF(AC57<=0.25,0.25*67,AC57*67)) -> 89.333333 | AM57: =IF(O57="","",O57) | AV57: Tisk: | AX57: =IF(AX55="","",IF(AX55=1,(BB35/$U$12)/6000,IF(AX55=2,(BB35/$U$12*2)/6000,IF(AX55=3,(BB35/$U$12*2)/6000,IF(AX57<=0.25,0.25))))) -> 1.3333333 | AZ57: =IF(AX57="","",IF(AX57<=0.25,0.25*67,AX57*67)) -> 89.333333 | BH57: =IF(O57="","",O57) | BQ57: Tisk: | BS57: =IF(BS55="","",IF(BS55=1,(BW35/$U$12)/6000,IF(BS55=2,(BW35/$U$12*2)/6000,IF(BS55=3,(BW35/$U$12*2)/6000,IF(BS57<=0.25,0.25))))) -> 0.16666667 | BU57: =IF(BS57="","",IF(BS57<=0.25,0.25*67,BS57*67)) -> 16.75 | CD57: =BH57 | CM57: Tisk: | CO57: =IF(CO55="","",IF(CO55=1,(CS35/$U$12)/6000,IF(CO55=2,(CS35/$U$12*2)/6000,IF(CO55=3,(CS35/$U$12*2)/6000,IF(CO57<=0.25,0.25))))) -> 0.16666667 | CQ57: =IF(CO57="","",IF(CO57<=0.25,0.25*67,CO57*67)) -> 16.75 | CZ57: =CD57 | DI57: Tisk: | DK57: =IF(DK55="","",IF(DK55=1,(DO35/$U$12)/6000,IF(DK55=2,(DO35/$U$12*2)/6000,IF(DK55=3,(DO35/$U$12*2)/6000,IF(DK57<=0.25,0.25))))) -> 0.16666667 | DM57: =IF(DK57="","",IF(DK57<=0.25,0.25*67,DK57*67)) -> 16.75 | DV57: =CZ57
L58: Luščenje: | O58: =IF(O57="","",IF(O57=1,G18/4000,IF(O57=2,G18/3000,IF(O57=3,G18/2000)))) | Q58: =IF(O57="","",O58*11) | AK58: Luščenje: | AM58: =IF(AM57="","",IF(AM57=1,J18/4000,IF(AM57=2,J18/3000,IF(AM57=3,J18/2000)))) | AO58: =IF(AM57="","",AM58*11) | BF58: Luščenje: | BH58: =IF(BH57="","",IF(BH57=1,M18/4000,IF(BH57=2,M18/3000,IF(BH57=3,M18/2000)))) | BJ58: =IF(BH57="","",BH58*11) | CA58: Luščenje: | CD58: =IF(CD57="","",IF(CD57=1,G29/4000,IF(CD57=2,G29/3000,IF(CD57=3,G29/2000)))) | CF58: =IF(CD57="","",CD58*11) | CW58: Luščenje: | CZ58: =IF(CZ57="","",IF(CZ57=1,J29/4000,IF(CZ57=2,J29/3000,IF(CZ57=3,J29/2000)))) | DB58: =IF(CZ57="","",CZ58*11) | DS58: Luščenje: | DV58: =IF(DV57="","",IF(DV57=1,M29/4000,IF(DV57=2,M29/3000,IF(DV57=3,M29/2000)))) | DX58: =IF(DV57="","",DV58*11)
B59: DISPERZIJSKI LAK | L59: Zlaganje: | O59: =IF(O58="","",IF(O57=1,G18/4000,IF(O57=2,G18/3000,IF(O57=3,G18/2000)))) | Q59: =IF(O59="","",O59*11) | AA59: DISPERZIJSKI LAK | AK59: Zlaganje: | AM59: =IF(AM58="","",IF(AM57=1,J18/4000,IF(AM57=2,J18/3000,IF(AM57=3,J18/2000)))) | AO59: =IF(AM59="","",AM59*11) | AV59: DISPERZIJSKI LAK | BF59: Zlaganje: | BH59: =IF(BH58="","",IF(BH57=1,M18/4000,IF(BH57=2,M18/3000,IF(BH57=3,M18/2000)))) | BJ59: =IF(BH59="","",BH59*11) | BQ59: DISPERZIJSKI LAK | CA59: Zlaganje: | CD59: =IF(CD58="","",IF(CD57=1,G29/4000,IF(CD57=2,G29/3000,IF(CD57=3,G29/2000)))) | CF59: =IF(CD59="","",CD59*11) | CM59: DISPERZIJSKI LAK | CW59: Zlaganje: | CZ59: =IF(CZ58="","",IF(CZ57=1,J29/4000,IF(CZ57=2,J29/3000,IF(CZ57=3,J29/2000)))) | DB59: =IF(CZ59="","",CZ59*11) | DI59: DISPERZIJSKI LAK | DS59: Zlaganje: | DV59: =IF(DV58="","",IF(DV57=1,M29/4000,IF(DV57=2,M29/3000,IF(DV57=3,M29/2000)))) | DX59: =IF(DV59="","",DV59*11)
AC60: =IF(D60="","",D60) | AX60: =IF(D60="","",D60) | BS60: =AX60 | CO60: =BS60 | DK60: =CO60
B61: Priprava: | D61: =IF(D60="","",0.5) | F61: =IF(D61="","",D61*60) | AA61: Priprava: | AC61: =IF(AC60="","",0.5) | AE61: =IF(AC61="","",AC61*60) | AV61: Priprava: | AX61: =IF(AX60="","",0.5) | AZ61: =IF(AX61="","",AX61*60) | BQ61: Priprava: | BS61: =IF(BS60="","",0.5) | BU61: =IF(BS61="","",BS61*60) | CM61: Priprava: | CO61: =IF(CO60="","",0.5) | CQ61: =IF(CO61="","",CO61*60) | DI61: Priprava: | DK61: =IF(DK60="","",0.5) | DM61: =IF(DK61="","",DK61*60)
B62: Tisk: | D62: =IF(D60="","",IF(D60=1,H35/$U$12,IF(D60=2,(H35/$U$12)*2))) | F62: =IF(D62="","",D62*0.01) | AA62: Tisk: | AC62: =IF(AC60="","",IF(AC60=1,AG35/U12,IF(AC60=2,(AG35/U12)*2))) | AE62: =IF(AC62="","",AC62*0.01) | AK62: LEPILKA | AM62: =IF(O62="","",O62) | AV62: Tisk: | AX62: =IF(AX60="","",IF(AX60=1,BB35/$U$12,IF(AX60=2,(BB35/$U$12)*2))) | AZ62: =IF(AX62="","",AX62*0.01) | BF62: LEPILKA | BH62: =IF(O62="","",O62) | BQ62: Tisk: | BS62: =IF(BS60="","",IF(BS60=1,BW35/$U$12,IF(BS60=2,(BW35/$U$12)*2))) | BU62: =IF(BS62="","",BS62*0.01) | CA62: LEPILKA | CD62: =BH62 | CM62: Tisk: | CO62: =IF(CO60="","",IF(CO60=1,CS35/$U$12,IF(CO60=2,(CS35/$U$12)*2))) | CQ62: =IF(CO62="","",CO62*0.01) | CW62: LEPILKA | CZ62: =CD62 | DI62: Tisk: | DK62: =IF(DK60="","",IF(DK60=1,DO35/$U$12,IF(DK60=2,(DO35/$U$12)*2))) | DM62: =IF(DK62="","",DK62*0.01) | DS62: LEPILKA | DV62: =CZ62
L63: Priprava: | O63: =IF(O62="","",IF(O62=1,0.5,IF(O62=2,1,IF(O62=3,1.5)))) | Q63: =IF(O63="","",O63*25) | AK63: Priprava: | AM63: =IF(AM62="","",IF(AM62=1,0.5,IF(AM62=2,1,IF(AM62=3,1.5)))) | AO63: =IF(AM63="","",AM63*25) | BF63: Priprava: | BH63: =IF(BH62="","",IF(BH62=1,0.5,IF(BH62=2,1,IF(BH62=3,1.5)))) | BJ63: =IF(BH63="","",BH63*25) | CA63: Priprava: | CD63: =IF(CD62="","",IF(CD62=1,0.5,IF(CD62=2,1,IF(CD62=3,1.5)))) | CF63: =IF(CD63="","",CD63*25) | CW63: Priprava: | CZ63: =IF(CZ62="","",IF(CZ62=1,0.5,IF(CZ62=2,1,IF(CZ62=3,1.5)))) | DB63: =IF(CZ63="","",CZ63*25) | DS63: Priprava: | DV63: =IF(DV62="","",IF(DV62=1,0.5,IF(DV62=2,1,IF(DV62=3,1.5)))) | DX63: =IF(DV63="","",DV63*25)
L64: Lepljenje: | O64: =IF(O62="","",IF(O62=1,H35/5000,IF(O62=2,H35/3500,IF(O62=3,H35/5000)*2))) | Q64: =IF(O64="","",O64*25) | AK64: Lepljenje: | AM64: =IF(AM62="","",IF(AM62=1,AG35/5000,IF(AM62=2,AG35/3500,IF(AM62=3,AG35/5000)*2))) | AO64: =IF(AM64="","",AM64*25) | BF64: Lepljenje: | BH64: =IF(BH62="","",IF(BH62=1,BB35/5000,IF(BH62=2,BB35/3500,IF(BH62=3,BB35/5000)*2))) | BJ64: =IF(BH64="","",BH64*25) | CA64: Lepljenje: | CD64: =IF(CD62="","",IF(CD62=1,BW35/5000,IF(CD62=2,BW35/3500,IF(CD62=3,BW35/5000)*2))) | CF64: =IF(CD64="","",CD64*25) | CW64: Lepljenje: | CZ64: =IF(CZ62="","",IF(CZ62=1,CS35/5000,IF(CZ62=2,CS35/3500,IF(CZ62=3,CS35/5000)*2))) | DB64: =IF(CZ64="","",CZ64*25) | DS64: Lepljenje: | DV64: =IF(DV62="","",IF(DV62=1,DO35/5000,IF(DV62=2,DO35/3500,IF(DV62=3,DO35/5000)*2))) | DX64: =IF(DV64="","",DV64*25)
B65: S4 | L65: Pakiranje v šk.: | O65: =O64 | Q65: =IF(O65="","",O65*11) | AA65: PM | AC65: =IF(D65="","",D65) | AK65: Pakiranje v šk.: | AM65: =AM64 | AO65: =IF(AM65="","",AM65*11) | AV65: PM | AX65: =IF(D65="","",D65) | BF65: Pakiranje v šk.: | BH65: =BH64 | BJ65: =IF(BH65="","",BH65*11) | BQ65: PM | BS65: =AX65 | CA65: Pakiranje v šk.: | CD65: =CD64 | CF65: =IF(CD65="","",CD65*11) | CM65: PM | CO65: =BS65 | CW65: Pakiranje v šk.: | CZ65: =CZ64 | DB65: =IF(CZ65="","",CZ65*11) | DI65: PM | DK65: =CO65 | DS65: Pakiranje v šk.: | DV65: =DV64 | DX65: =IF(DV65="","",DV65*11)
B66: Priprava: | F66: =IF(D66="","",D66*21) | AA66: Priprava: | AC66: =IF(D66="","",D66) | AE66: =IF(AC66="","",AC66*21) | AV66: Priprava: | AX66: =IF(D66="","",D66) | AZ66: =IF(AX66="","",AX66*21) | BQ66: Priprava: | BS66: =AX66 | BU66: =IF(BS66="","",BS66*21) | CM66: Priprava: | CO66: =BS66 | CQ66: =IF(CO66="","",CO66*21) | DI66: Priprava: | DK66: =CO66 | DM66: =IF(DK66="","",DK66*21)
B67: Tisk: | D67: =IF(D65="","",IF(D65=1,(H35/$U$12)/3000,IF(D65=2,(H35/$U$12*2)/3000,IF(D65=3,(H35/$U$12*2)/3000)))) | F67: =IF(D67="","",D67*21) | AA67: Tisk: | AC67: =IF(AC65="","",IF(AC65=1,(AG35/$U$12)/3000,IF(AC65=2,(AG35/$U$12*2)/3000,IF(AC65=3,(AG35/$U$12*2)/3000)))) | AE67: =IF(AC67="","",AC67*21) | AV67: Tisk: | AX67: =IF(AX65="","",IF(AX65=1,(BB35/$U$12)/3000,IF(AX65=2,(BB35/$U$12*2)/3000,IF(AX65=3,(BB35/$U$12*2)/3000)))) | AZ67: =IF(AX67="","",AX67*21) | BQ67: Tisk: | BS67: =IF(BS65="","",IF(BS65=1,(BW35/$U$12)/3000,IF(BS65=2,(BW35/$U$12*2)/3000,IF(BS65=3,(BW35/$U$12*2)/3000)))) | BU67: =IF(BS67="","",BS67*21) | CM67: Tisk: | CO67: =IF(CO65="","",IF(CO65=1,(CS35/$U$12)/3000,IF(CO65=2,(CS35/$U$12*2)/3000,IF(CO65=3,(CS35/$U$12*2)/3000)))) | CQ67: =IF(CO67="","",CO67*21) | DI67: Tisk: | DK67: =IF(DK65="","",IF(DK65=1,(DO35/$U$12)/3000,IF(DK65=2,(DO35/$U$12*2)/3000,IF(DK65=3,(DO35/$U$12*2)/3000)))) | DM67: =IF(DK67="","",DK67*21)
AK68: RAZREZ / OBREZ | BF68: RAZREZ / OBREZ | CA68: RAZREZ / OBREZ | CW68: RAZREZ / OBREZ | DS68: RAZREZ / OBREZ
Q69: =IF(O69="","",O69*17) | AO69: =IF(AM69="","",AM69*17) | BJ69: =IF(BH69="","",BH69*17) | CF69: =IF(CD69="","",CD69*17) | DB69: =IF(CZ69="","",CZ69*17) | DX69: =IF(DV69="","",DV69*17)
AA70: ROL./UV | AC70: =IF(D70="","",D70) | AV70: ROL./UV | AX70: =IF(D70="","",D70) | BQ70: ROL./UV | BS70: =AX70 | CM70: ROL./UV | CO70: =BS70 | DI70: ROL./UV | DK70: =CO70
B71: Priprava: | D71: =IF(D70="","",IF(D70=1,1.5,IF(D70=2,3))) | F71: =IF(D71="","",D71*67) | AA71: Priprava: | AC71: =IF(AC70="","",IF(AC70=1,1.5,IF(AC70=2,3))) | AE71: =IF(AC71="","",AC71*67) | AV71: Priprava: | AX71: =IF(AX70="","",IF(AX70=1,1.5,IF(AX70=2,3))) | AZ71: =IF(AX71="","",AX71*67) | BQ71: Priprava: | BS71: =IF(BS70="","",IF(BS70=1,1.5,IF(BS70=2,3))) | BU71: =IF(BS71="","",BS71*67) | CM71: Priprava: | CO71: =IF(CO70="","",IF(CO70=1,1.5,IF(CO70=2,3))) | CQ71: =IF(CO71="","",CO71*67) | DI71: Priprava: | DK71: =IF(DK70="","",IF(DK70=1,1.5,IF(DK70=2,3))) | DM71: =IF(DK71="","",DK71*67)
B72: Tisk: | D72: =IF(D70="","",IF(D70=1,(H35/$U$12)/1000,IF(D70=2,(H35/$U$12)/1000))) | F72: =IF(D72="","",D72*67) | L72: PLASTIFIKACIJA | AA72: Tisk: | AC72: =IF(AC70="","",IF(AC70=1,(AG35/$U$12)/1000,IF(AC70=2,(AG35/$U$12)/1000))) | AE72: =IF(AC72="","",AC72*67) | AK72: PLASTIFIKACIJA | AV72: Tisk: | AX72: =IF(AX70="","",IF(AX70=1,(BB35/$U$12)/1000,IF(AX70=2,(BB35/$U$12)/1000))) | AZ72: =IF(AX72="","",AX72*67) | BF72: PLASTIFIKACIJA | BQ72: Tisk: | BS72: =IF(BS70="","",IF(BS70=1,(BW35/$U$12)/1000,IF(BS70=2,(BW35/$U$12)/1000))) | BU72: =IF(BS72="","",BS72*67) | CA72: PLASTIFIKACIJA | CM72: Tisk: | CO72: =IF(CO70="","",IF(CO70=1,(CS35/$U$12)/1000,IF(CO70=2,(CS35/$U$12)/1000))) | CQ72: =IF(CO72="","",CO72*67) | CW72: PLASTIFIKACIJA | DI72: Tisk: | DK72: =IF(DK70="","",IF(DK70=1,(DO35/$U$12)/1000,IF(DK70=2,(DO35/$U$12)/1000))) | DM72: =IF(DK72="","",DK72*67) | DS72: PLASTIFIKACIJA
AM73: =IF($O$73="","",$O$73) | AP73: =IF($R$73="","",$R$73) | BH73: =AM73 | BI73: =IF($P$73="","",$P$73) | BK73: =AP73 | CD73: =BH73 | CG73: =BK73 | CZ73: =CD73 | DC73: =CG73 | DV73: =CZ73 | DY73: =DC73
L74: Plastika: | O74: =IF(O73="","",IF(O73=1,PLASTIKA!P23,IF('PONUDBA (2)'!O73=2,PLASTIKA!U23,IF('PONUDBA (2)'!O73=3,PLASTIKA!P33,IF('PONUDBA (2)'!O73=4,PLASTIKA!U33))))) | Q74: =O74 | AK74: Plastika: | AM74: =IF(AM73="","",IF(AM73=1,PLASTIKA!Y23,IF('PONUDBA (2)'!AM73=2,PLASTIKA!AD23,IF('PONUDBA (2)'!AM73=3,PLASTIKA!Y33,IF('PONUDBA (2)'!AM73=4,PLASTIKA!AD33))))) | AO74: =IF(AM74="","",AM74) | BF74: Plastika: | BH74: =IF(BH73="","",IF(BH73=1,PLASTIKA!AH23,IF('PONUDBA (2)'!BH73=2,PLASTIKA!AM23,IF('PONUDBA (2)'!BH73=3,PLASTIKA!AH33,IF('PONUDBA (2)'!BH73=4,PLASTIKA!AM33))))) | BJ74: =IF(BH74="","",BH74) | CA74: Plastika: | CD74: =IF(CD73="","",IF(CD73=1,PLASTIKA!P43,IF('PONUDBA (2)'!CD73=2,PLASTIKA!U43,IF('PONUDBA (2)'!CD73=3,PLASTIKA!P53,IF('PONUDBA (2)'!CD73=4,PLASTIKA!U53))))) | CF74: =CD74 | CW74: Plastika: | CZ74: =IF(CZ73="","",IF(CZ73=1,PLASTIKA!Y43,IF('PONUDBA (2)'!CZ73=2,PLASTIKA!AD43,IF('PONUDBA (2)'!CZ73=3,PLASTIKA!Y53,IF('PONUDBA (2)'!CZ73=4,PLASTIKA!AD53))))) | DB74: =CZ74 | DS74: Plastika: | DV74: =IF(DV73="","",IF(DV73=1,PLASTIKA!AH43,IF('PONUDBA (2)'!DV73=2,PLASTIKA!AM43,IF('PONUDBA (2)'!DV73=3,PLASTIKA!AH53,IF('PONUDBA (2)'!DV73=4,PLASTIKA!AM53))))) | DX74: =DV74
B75: VSOTA: | G75: =SUM(F72,F71,F67,F66,F62,F61,F57,F56) -> 151.30833 | Q75: =IF(R73="","",Q74) | AA75: VSOTA: | AF75: =SUM(AE72,AE71,AE67,AE66,AE62,AE61,AE57,AE56) -> 189.83333 | AO75: =IF(AP73="","",IF(AP73=1,'PONUDBA (2)'!AM74)) | AV75: VSOTA: | BA75: =SUM(AZ72,AZ71,AZ67,AZ66,AZ62,AZ61,AZ57,AZ56) -> 189.83333 | BJ75: =IF(BK73="","",IF(BK73=1,'PONUDBA (2)'!BH74)) | BQ75: VSOTA: | BV75: =SUM(BU72,BU71,BU67,BU66,BU62,BU61,BU57,BU56) -> 117.25 | CF75: =IF(CG73="","",IF(CG73=1,'PONUDBA (2)'!CD74)) | CM75: VSOTA: | CR75: =SUM(CQ72,CQ71,CQ67,CQ66,CQ62,CQ61,CQ57,CQ56) -> 117.25 | DB75: =IF(DC73="","",IF(DC73=1,'PONUDBA (2)'!CZ74)) | DI75: VSOTA: | DN75: =SUM(DM72,DM71,DM67,DM66,DM62,DM61,DM57,DM56) -> 117.25 | DX75: =IF(DY73="","",IF(DY73=1,'PONUDBA (2)'!DV74))
L78: EMBALAŽA: | AK78: EMBALAŽA: | BF78: EMBALAŽA: | CA78: EMBALAŽA: | CW78: EMBALAŽA: | DS78: EMBALAŽA:
L79: V škatli: | Q79: =IF(O80="","",O80*1.3) | AK79: V škatli: | AM79: =IF(O79="","",O79) | AO79: =IF(AM80="","",AM80*1.3) | BF79: V škatli: | BH79: =AM79 | BJ79: =IF(BH80="","",BH80*1.3) | CA79: V škatli: | CD79: =BH79 | CF79: =IF(CD80="","",CD80*1.3) | CW79: V škatli: | CZ79: =CD79 | DB79: =IF(CZ80="","",CZ80*1.3) | DS79: V škatli: | DV79: =CZ79 | DX79: =IF(DV80="","",DV80*1.3)
A80: DODATNE-ZUNANJE USLUGE | L80: Št. škatl: | O80: =IF(O79="","",IF(O79>0,(ROUNDUP(H35/O79,)))) | Z80: DODATNE-ZUNANJE USLUGE | AK80: Št. škatl: | AM80: =IF(AM79="","",IF(AM79>0,(ROUNDUP(AG35/AM79,)))) | AU80: DODATNE-ZUNANJE USLUGE | BF80: Št. škatl: | BH80: =IF(BH79="","",IF(BH79>0,(ROUNDUP(BB35/BH79,)))) | BP80: DODATNE-ZUNANJE USLUGE | CA80: Št. škatl: | CD80: =IF(CD79="","",IF(CD79>0,(ROUNDUP(BW35/CD79,)))) | CL80: DODATNE-ZUNANJE USLUGE | CW80: Št. škatl: | CZ80: =IF(CZ79="","",IF(CZ79>0,(ROUNDUP(CS35/CZ79,)))) | DH80: DODATNE-ZUNANJE USLUGE | DS80: Št. škatl: | DV80: =IF(DV79="","",IF(DV79>0,(ROUNDUP(DO35/DV79,))))
A81: U S L U G E | B81: UV Lakiranje: | Z81: U S L U G E | AA81: UV Lakiranje: | AD81: =IF($E$81="","",$E$81) | AU81: U S L U G E | AV81: UV Lakiranje: | AY81: =IF($E$81="","",$E$81) | AZ81: =IF($F$81="","",($F$81/$G$18)*M18) | BP81: U S L U G E | BQ81: UV Lakiranje: | BU81: =IF($F$81="","",($F$81/$G$18)*G29) | CL81: U S L U G E | CM81: UV Lakiranje: | CQ81: =IF($F$81="","",($F$81/$G$18)*J29) | DH81: U S L U G E | DI81: UV Lakiranje: | DM81: =IF($F$81="","",($F$81/$G$18)*M29)
B82: Plastificiranje: | L82: VSOTA: | R82: =SUM(Q47,Q48,Q49,Q50,S49,Q53,Q54,Q58,Q59,Q63,Q64,Q65,Q69,Q74,Q75,Q79) -> 0 | AA82: Plastificiranje: | AK82: VSOTA: | AP82: =SUM(AO74,AO69,AO65,AO64,AO63,AO59,AO58,AO54,AO53,AO49,AO48,AO47,AO75,AQ49,AO50,AO79) -> 0 | AV82: Plastificiranje: | BF82: VSOTA: | BK82: =SUM(BJ79,BJ74,BJ69,BJ65,BJ64,BJ63,BJ59,BJ58,BJ54,BJ53,BJ49,BJ48,BJ47,BJ75,BL49,BJ50) -> 0 | BQ82: Plastificiranje: | CA82: VSOTA: | CG82: =SUM(CF79,CF75,CF74,CF69,CF65,CF64,CF63,CF59,CF58,CF54,CF53,CF49,CH49,CF48,CF47,CF50) -> 0 | CM82: Plastificiranje: | CW82: VSOTA: | DC82: =SUM(DB79,DB75,DB74,DB69,DB65,DB64,DB63,DB59,DB58,DB54,DB53,DB49,DD49,DB48,DB47,DB50) -> 0 | DI82: Plastificiranje: | DS82: VSOTA: | DY82: =SUM(DX79,DX75,DX74,DX69,DX65,DX64,DX63,DX59,DX58,DX54,DX53,DX49,DZ49,DX48,DX47,DX50) -> 0
B83: Šivanje: | AA83: Šivanje: | AV83: Šivanje: | BQ83: Šivanje: | CM83: Šivanje: | DI83: Šivanje:
B84: Izsek: | AA84: Izsek: | AV84: Izsek: | BQ84: Izsek: | CM84: Izsek: | DI84: Izsek:
B85: Lepljenje: | AA85: Lepljenje: | AV85: Lepljenje: | BQ85: Lepljenje: | CM85: Lepljenje: | DI85: Lepljenje:
B86: Zlatotisk: | L86: CENA SKUPAJ: | R86: =SUM(R82,G75,S40,H42,H50,E88) -> 339.47528 | AA86: Zlatotisk: | AK86: CENA SKUPAJ: | AP86: =SUM(AG42,AG50,AF75,AD88,AQ40,AP82) -> 478.54673 | AV86: Zlatotisk: | BF86: CENA SKUPAJ: | BK86: =SUM(BK82,BA75,BL40,BB42,BB50,AY88) -> 478.54673 | BQ86: Zlatotisk: | CA86: CENA SKUPAJ: | CG86: =SUM(CG82,BV75,CH40,BW42,BW50,BT88) -> 215.82713 | CM86: Zlatotisk: | CW86: CENA SKUPAJ: | DC86: =SUM(DC82,CR75,DD40,CS42,CS50,CP88) -> 215.82713 | DI86: Zlatotisk: | DS86: CENA SKUPAJ: | DY86: =SUM(DY82,DN75,DZ40,DO42,DO50,DL88) -> 215.82713
B88: VSOTA: | E88: =SUM(F81:F86) -> 0 | AA88: VSOTA: | AD88: =SUM(AE81:AE86) -> 0 | AV88: VSOTA: | AY88: =SUM(AZ81:AZ86) -> 0 | BQ88: VSOTA: | BT88: =SUM(BU81:BU86) -> 0 | CM88: VSOTA: | CP88: =SUM(CQ81:CQ86) -> 0 | DI88: VSOTA: | DL88: =SUM(DM81:DM86) -> 0
A91: SPECIFIKACIJA | F91: =H35 -> 4550 | L91: SPECIFIKACIJA | P91: =AG35 -> 8000
A92: ZNESEK | F92: =R86 -> 339.47528 | I92: =100% -> 1 | L92: ZNESEK | P92: =AP86 -> 478.54673 | S92: =100% -> 1
A93: ITF | F93: =H48 -> 21 | I93: =F93/F92 -> 0.061860174 | L93: ITF | P93: =AG48 -> 21 | S93: =P93/P92 -> 0.043882862
A94: TISK | F94: =G75 -> 151.30833 | I94: =F94/F92 -> 0.44571237 | L94: TISK | P94: =AF75 -> 189.83333 | S94: =P94/P92 -> 0.39668714
A95: DODELAVA | F95: =SUM(S40,Q47,Q48,Q49,Q50,Q53,Q54,R57,Q58,Q59,Q63,Q64,Q65,Q69,E88) -> 4.25 | I95: =F95/F92 -> 0.012519321 | L95: DODELAVA | P95: =SUM(AQ40,AO47,AO48,AO49,AO50,AO53,AO54,AO58,AO59,AO63,AO64,AO65,AO69,AD88) -> 13.6 | S95: =P95/P92 -> 0.028419377
A96: MATERIAL | F96: =SUM(H42,H47,S49,Q74,Q75,Q79) -> 162.91695 | I96: =F96/F92 -> 0.47990813 | L96: MATERIAL | P96: =SUM(AG47,AG42,AQ49,AO74,AO75,AO79) -> 254.1134 | S96: =P96/P92 -> 0.53101062
A97: OSTALI STROŠKI | L97: OSTALI STROŠKI
D99: 0.05 | E99: =F92*1.05 -> 356.44905 | G99: =IF(E99="","",E99/G14) -> 0.07834045 | O99: 0.05 | P99: =P92*1.05 -> 502.47407 | R99: =IF(P99="","",P99/I14) -> 0.062809258
D100: 0.1 | E100: =F92*1.1 -> 373.42281 | G100: =IF(E100="","",E100/G14) -> 0.082070948 | O100: 0.1 | P100: =P92*1.1 -> 526.4014 | R100: =IF(P100="","",P100/I14) -> 0.065800175
A103: SPECIFIKACIJA | F103: =BB35 -> 8000 | L103: SPECIFIKACIJA | P103: =G24 -> 1000
A104: ZNESEK | F104: =BK86 -> 478.54673 | I104: =100% -> 1 | L104: ZNESEK | P104: =CG86 -> 215.82713 | S104: =100% -> 1
A105: ITF | F105: =BB48 -> 21 | I105: =F105/F104 -> 0.043882862 | L105: ITF | P105: =BW48 -> 21 | S105: =P105/P104 -> 0.097300095
A106: TISK | F106: =BA75 -> 189.83333 | I106: =F106/F104 -> 0.39668714 | L106: TISK | P106: =BV75 -> 117.25 | S106: =P106/P104 -> 0.54325886
A107: DODELAVA | F107: =SUM(BL40,BJ47,BJ48,BJ49,BJ50,BJ53,BJ54,BJ58,BJ59,BJ63,BJ64,BJ65,BJ69) -> 13.6 | I107: =F107/F104 -> 0.028419377 | L107: DODELAVA | P107: =SUM(CH40,CF47,CF48,CF49,CF50,CF53,CF54,CF58,CF59,CF63,CF64,CF65,CF69) -> 8.5 | S107: =P107/P104 -> 0.039383372
A108: MATERIAL | F108: =SUM(BB42,BL49,BJ79,BJ75,BJ74,BB47) -> 254.1134 | I108: =F108/F104 -> 0.53101062 | L108: MATERIAL | P108: =SUM(BW42,CF79,CF75,CF74,CH49,BW47) -> 69.077128 | S108: =P108/P104 -> 0.32005767
A109: OSTALI STROŠKI | L109: OSTALI STROŠKI
D111: 0.05 | E111: =F104*1.05 -> 502.47407 | G111: =IF(E111="","",E111/M14) -> 0.062809258 | O111: 0.05 | P111: =P104*1.05 -> 226.61848 | R111: =IF(P111="","",P111/G24) -> 0.22661848
D112: 0.1 | E112: =F104*1.1 -> 526.4014 | G112: =IF(E112="","",E112/M14) -> 0.065800175 | O112: 0.1 | P112: =P104*1.1 -> 237.40984 | R112: =IF(P112="","",P112/G24) -> 0.23740984
A115: SPECIFIKACIJA | F115: =CS35 -> 1000 | L115: SPECIFIKACIJA | P115: =DO35 -> 1000
A116: ZNESEK | F116: =DC86 -> 215.82713 | I116: =100% -> 1 | L116: ZNESEK | P116: =DY86 -> 215.82713 | S116: =100% -> 1
A117: ITF | F117: =P105 -> 21 | I117: =F117/F116 -> 0.097300095 | L117: ITF | P117: =F117 -> 21 | S117: =P117/P116 -> 0.097300095
A118: TISK | F118: =CR75 -> 117.25 | I118: =F118/F116 -> 0.54325886 | L118: TISK | P118: =DN75 -> 117.25 | S118: =P118/P116 -> 0.54325886
A119: DODELAVA | F119: =SUM(DD40,DB47,DB48,DB49,DB50,DB53,DB54,DB58,DB59,DB63,DB64,DB65,DB69,CP88) -> 8.5 | I119: =F119/F116 -> 0.039383372 | L119: DODELAVA | P119: =SUM(DZ40,DL88,DX47,DX48,DX49,DX50,DX53,DX54,DX58,DX59,DX63,DX64,DX65,DX69) -> 8.5 | S119: =P119/P116 -> 0.039383372
A120: MATERIAL | F120: =SUM(DD49,DB74,DB75,DB79,CS42,CS47) -> 69.077128 | I120: =F120/F116 -> 0.32005767 | L120: MATERIAL | P120: =SUM(DO42,DO47,DZ49,DX74,DX75,DX79) -> 69.077128 | S120: =P120/P116 -> 0.32005767
A121: OSTALI STROŠKI | L121: OSTALI STROŠKI
D123: 0.05 | E123: =F116*1.05 -> 226.61848 | G123: =IF(E123="","",E123/I24) -> 0.22661848 | O123: 0.05 | P123: =P116*1.05 -> 226.61848 | R123: =IF(P123="","",P123/M24) -> 0.22661848
D124: 0.1 | E124: =F116*1.1 -> 237.40984 | G124: =IF(E124="","",E124/I24) -> 0.23740984 | O124: 0.1 | P124: =P116*1.1 -> 237.40984 | R124: =IF(P124="","",P124/M24) -> 0.23740984
