Workbook

Sheet TRENUTNA ZALOGA
A1: Šifra materiala | B1: Naziv materiala | C1: Širina | D1: Višina | E1: Gramatura | F1: Začetna zaloga | G1: Skupaj Prispelo | H1: Skupaj Odpisano | I1: TRENUTNA ZALOGA
A2: 114 | B2: Claro silk | C2: 90 | D2: 64 | E2: 90 | F2: 1000 | G2: =SUMIF(PRISPELO!B:B, A2, PRISPELO!D:D) -> 0 | H2: =SUMIF(ODPIS!B:B, A2, ODPIS!D:D) -> 0 | I2: =F2 + G2 - H2 -> 1000
A3: 117 | B3: Claro silk | C3: 64 | D3: 90 | E3: 90 | F3: 1000 | G3: =SUMIF(PRISPELO!B:B, A3, PRISPELO!D:D) -> 0 | H3: =SUMIF(ODPIS!B:B, A3, ODPIS!D:D) -> 0 | I3: =F3 + G3 - H3 -> 1000
A4: 118 | B4: Claro silk | C4: 70 | D4: 100 | E4: 90 | F4: 1000 | G4: =SUMIF(PRISPELO!B:B, A4, PRISPELO!D:D) -> 0 | H4: =SUMIF(ODPIS!B:B, A4, ODPIS!D:D) -> 0 | I4: =F4 + G4 - H4 -> 1000
A5: 119 | B5: Claro silk | C5: 70 | D5: 100 | E5: 115 | F5: 1000 | G5: =SUMIF(PRISPELO!B:B, A5, PRISPELO!D:D) -> 0 | H5: =SUMIF(ODPIS!B:B, A5, ODPIS!D:D) -> 0 | I5: =F5 + G5 - H5 -> 1000
A6: 125 | B6: Claro silk | C6: 100 | D6: 70 | E6: 100 | F6: 1000 | G6: =SUMIF(PRISPELO!B:B, A6, PRISPELO!D:D) -> 0 | H6: =SUMIF(ODPIS!B:B, A6, ODPIS!D:D) -> 0 | I6: =F6 + G6 - H6 -> 1000
A7: 128 | B7: Claro silk | C7: 90 | D7: 64 | E7: 100 | F7: 1000 | G7: =SUMIF(PRISPELO!B:B, A7, PRISPELO!D:D) -> 0 | H7: =SUMIF(ODPIS!B:B, A7, ODPIS!D:D) -> 0 | I7: =F7 + G7 - H7 -> 1000
A8: 135 | B8: Claro silk | C8: 64 | D8: 90 | E8: 100 | F8: 1000 | G8: =SUMIF(PRISPELO!B:B, A8, PRISPELO!D:D) -> 0 | H8: =SUMIF(ODPIS!B:B, A8, ODPIS!D:D) -> 0 | I8: =F8 + G8 - H8 -> 1000
A9: 138 | B9: Claro silk | C9: 90 | D9: 64 | E9: 115 | F9: 1000 | G9: =SUMIF(PRISPELO!B:B, A9, PRISPELO!D:D) -> 0 | H9: =SUMIF(ODPIS!B:B, A9, ODPIS!D:D) -> 0 | I9: =F9 + G9 - H9 -> 1000
A10: 139 | B10: Claro silk | C10: 64 | D10: 90 | E10: 115 | F10: 1000 | G10: =SUMIF(PRISPELO!B:B, A10, PRISPELO!D:D) -> 0 | H10: =SUMIF(ODPIS!B:B, A10, ODPIS!D:D) -> 0 | I10: =F10 + G10 - H10 -> 1000
A11: 145 | B11: Claro silk | C11: 100 | D11: 70 | E11: 115 | F11: 1000 | G11: =SUMIF(PRISPELO!B:B, A11, PRISPELO!D:D) -> 0 | H11: =SUMIF(ODPIS!B:B, A11, ODPIS!D:D) -> 0 | I11: =F11 + G11 - H11 -> 1000
A12: 149 | B12: Claro silk | C12: 90 | D12: 64 | E12: 135 | F12: 1000 | G12: =SUMIF(PRISPELO!B:B, A12, PRISPELO!D:D) -> 0 | H12: =SUMIF(ODPIS!B:B, A12, ODPIS!D:D) -> 0 | I12: =F12 + G12 - H12 -> 1000
A13: 150 | B13: Claro silk | C13: 64 | D13: 90 | E13: 135 | F13: 1000 | G13: =SUMIF(PRISPELO!B:B, A13, PRISPELO!D:D) -> 0 | H13: =SUMIF(ODPIS!B:B, A13, ODPIS!D:D) -> 0 | I13: =F13 + G13 - H13 -> 1000
... A2272: 4335 | B2272: nivis next gloss | C2272: 72 | D2272: 102 | E2272: 250 | F2272: 1000 | G2272: =SUMIF(PRISPELO!B:B, A2272, PRISPELO!D:D) -> 0 | H2272: =SUMIF(ODPIS!B:B, A2272, ODPIS!D:D) -> 0 | I2272: =F2272 + G2272 - H2272 -> 1000

Sheet PRISPELO
A1: Datum | B1: Šifra materiala | C1: Naziv (Avtomatsko) | D1: Količina (Prejem) | E1: Št. Dobavnice | F1: Dobavitelj | G1: Opomba
A2: 46209 | B2: 596 | D2: 150 | E2: 12345
A3: 46210 | B3: 599 | D3: 300 | E3: 12346
C4: =IF(B4="","",VLOOKUP(B4,'TRENUTNA ZALOGA'!A:B,2,FALSE))
C5: =IF(B5="","",VLOOKUP(B5,'TRENUTNA ZALOGA'!A:B,2,FALSE))
C6: =IF(B6="","",VLOOKUP(B6,'TRENUTNA ZALOGA'!A:B,2,FALSE))
C7: =IF(B7="","",VLOOKUP(B7,'TRENUTNA ZALOGA'!A:B,2,FALSE))
C8: =IF(B8="","",VLOOKUP(B8,'TRENUTNA ZALOGA'!A:B,2,FALSE))
C9: =IF(B9="","",VLOOKUP(B9,'TRENUTNA ZALOGA'!A:B,2,FALSE))
C10: =IF(B10="","",VLOOKUP(B10,'TRENUTNA ZALOGA'!A:B,2,FALSE))
C11: =IF(B11="","",VLOOKUP(B11,'TRENUTNA ZALOGA'!A:B,2,FALSE))
C12: =IF(B12="","",VLOOKUP(B12,'TRENUTNA ZALOGA'!A:B,2,FALSE))
C13: =IF(B13="","",VLOOKUP(B13,'TRENUTNA ZALOGA'!A:B,2,FALSE))
C14: =IF(B14="","",VLOOKUP(B14,'TRENUTNA ZALOGA'!A:B,2,FALSE))
C15: =IF(B15="","",VLOOKUP(B15,'TRENUTNA ZALOGA'!A:B,2,FALSE))
... C999: =IF(B999="","",VLOOKUP(B999,'TRENUTNA ZALOGA'!A:B,2,FALSE))

Sheet ODPIS
A1: Datum | B1: Šifra materiala | C1: Naziv (Avtomatsko) | D1: Količina (Odpis) | E1: Delovni Nalog | F1: Oseba | G1: Opomba
A2: 46210 | B2: 596 | D2: 20
A3: 46210 | B3: 599 | D3: 70

Sheet JULIJ 26
A1: Datum | B1: Tip | C1: Šifra materiala | D1: Naziv | E1: Količina | F1: Dodatni podatki | G1: Opomba
A2: 06. 07. 2026 | B2: PRISPELO | C2: 596 | D2: DITO OFSET | E2: 150 | F2: Dobavnica: 12345, Dobavitelj:
A3: 07. 07. 2026 | B3: PRISPELO | C3: 599 | D3: DITO OFSET | E3: 300 | F3: Dobavnica: 12346, Dobavitelj:
A4: 07. 07. 2026 | B4: ODPIS | C4: 596 | D4: DITO OFSET | E4: 20 | F4: DN: , Oseba:
A5: 07. 07. 2026 | B5: ODPIS | C5: 599 | D5: DITO OFSET | E5: 70 | F5: DN: , Oseba:
